caminho,silaba
/home/jovyan/privado/Trabalho/Dataset/Hangul Database/Hangul Database/jang/장_2_4.jpg,jang
/home/jovyan/privado/Trabalho/Dataset/Hangul Database/Hangul Database/eo/어_0_8.jpg,eo
/home/jovyan/privado/Trabalho/Dataset/Hangul Database/Hangul Database/sa/사_6_8.jpg,sa
/home/jovyan/privado/Trabalho/Dataset/Hangul Database/Hangul Database/eo/어_8_1.jpg,eo
/home/jovyan/privado/Trabalho/Dataset/Hangul Database/Hangul Database/do/도_0_0.jpg,do
/home/jovyan/privado/Trabalho/Dataset/Hangul Database/Hangul Database/ra/라_8_5.jpg,ra
/home/jovyan/privado/Trabalho/Dataset/Hangul Database/Hangul Database/je/제_7_6.jpg,je
/home/jovyan/privado/Trabalho/Dataset/Hangul Database/Hangul Database/in/인_6_8.jpg,in
/home/jovyan/privado/Trabalho/Dataset/Hangul Database/Hangul Database/na/나_2_1.jpg,na
/home/jovyan/privado/Trabalho/Dataset/Hangul Database/Hangul Database/hae/해_0_6.jpg,hae
/home/jovyan/privado/Trabalho/Dataset/Hangul Database/Hangul Database/seo/서_5_1.jpg,seo
/home/jovyan/privado/Trabalho/Dataset/Hangul Database/Hangul Database/gwa/과_9_4.jpg,gwa
/home/jovyan/privado/Trabalho/Dataset/Hangul Database/Hangul Database/eu/으_6_7.jpg,eu
/home/jovyan/privado/Trabalho/Dataset/Hangul Database/Hangul Database/jeon/전_2_1.jpg,jeon
/home/jovyan/privado/Trabalho/Dataset/Hangul Database/Hangul Database/bu/부_0_7.jpg,bu
/home/jovyan/privado/Trabalho/Dataset/Hangul Database/Hangul Database/choe/최_5_7.jpg,choe
/home/jovyan/privado/Trabalho/Dataset/Hangul Database/Hangul Database/seu/스_0_5.jpg,seu
/home/jovyan/privado/Trabalho/Dataset/Hangul Database/Hangul Database/jeok/적_9_6.jpg,jeok
/home/jovyan/privado/Trabalho/Dataset/Hangul Database/Hangul Database/yeo/여_5_6.jpg,yeo
/home/jovyan/privado/Trabalho/Dataset/Hangul Database/Hangul Database/bo/보_9_6.jpg,bo
/home/jovyan/privado/Trabalho/Dataset/Hangul Database/Hangul Database/ha/하_5_3.jpg,ha
/home/jovyan/privado/Trabalho/Dataset/Hangul Database/Hangul Database/ja/자_2_9.jpg,ja
/home/jovyan/privado/Trabalho/Dataset/Hangul Database/Hangul Database/bo/보_0_1.jpg,bo
/home/jovyan/privado/Trabalho/Dataset/Hangul Database/Hangul Database/bu/부_9_7.jpg,bu
/home/jovyan/privado/Trabalho/Dataset/Hangul Database/Hangul Database/jeon/전_7_4.jpg,jeon
/home/jovyan/privado/Trabalho/Dataset/Hangul Database/Hangul Database/eui/의_5_2.jpg,eui
/home/jovyan/privado/Trabalho/Dataset/Hangul Database/Hangul Database/seu/스_1_7.jpg,seu
/home/jovyan/privado/Trabalho/Dataset/Hangul Database/Hangul Database/seu/스_6_7.jpg,seu
/home/jovyan/privado/Trabalho/Dataset/Hangul Database/Hangul Database/gwa/과_5_0.jpg,gwa
/home/jovyan/privado/Trabalho/Dataset/Hangul Database/Hangul Database/guk/국_0_1.jpg,guk
/home/jovyan/privado/Trabalho/Dataset/Hangul Database/Hangul Database/ra/라_4_3.jpg,ra
/home/jovyan/privado/Trabalho/Dataset/Hangul Database/Hangul Database/seo/서_8_4.jpg,seo
/home/jovyan/privado/Trabalho/Dataset/Hangul Database/Hangul Database/a/아_1_4.jpg,a
/home/jovyan/privado/Trabalho/Dataset/Hangul Database/Hangul Database/yeo/여_5_7.jpg,yeo
/home/jovyan/privado/Trabalho/Dataset/Hangul Database/Hangul Database/jeon/전_9_5.jpg,jeon
/home/jovyan/privado/Trabalho/Dataset/Hangul Database/Hangul Database/hae/해_5_8.jpg,hae
/home/jovyan/privado/Trabalho/Dataset/Hangul Database/Hangul Database/go/고_9_1.jpg,go
/home/jovyan/privado/Trabalho/Dataset/Hangul Database/Hangul Database/eul/을_2_3.jpg,eul
/home/jovyan/privado/Trabalho/Dataset/Hangul Database/Hangul Database/eo/어_5_3.jpg,eo
/home/jovyan/privado/Trabalho/Dataset/Hangul Database/Hangul Database/geu/그_0_8.jpg,geu
/home/jovyan/privado/Trabalho/Dataset/Hangul Database/Hangul Database/eun/은_0_2.jpg,eun
/home/jovyan/privado/Trabalho/Dataset/Hangul Database/Hangul Database/eul/을_1_6.jpg,eul
/home/jovyan/privado/Trabalho/Dataset/Hangul Database/Hangul Database/yeo/여_5_1.jpg,yeo
/home/jovyan/privado/Trabalho/Dataset/Hangul Database/Hangul Database/dae/대_9_0.jpg,dae
/home/jovyan/privado/Trabalho/Dataset/Hangul Database/Hangul Database/wi/위_5_9.jpg,wi
/home/jovyan/privado/Trabalho/Dataset/Hangul Database/Hangul Database/ja/자_8_5.jpg,ja
/home/jovyan/privado/Trabalho/Dataset/Hangul Database/Hangul Database/so/소_1_1.jpg,so
/home/jovyan/privado/Trabalho/Dataset/Hangul Database/Hangul Database/si/시_3_6.jpg,si
/home/jovyan/privado/Trabalho/Dataset/Hangul Database/Hangul Database/yong/용_2_5.jpg,yong
/home/jovyan/privado/Trabalho/Dataset/Hangul Database/Hangul Database/bo/보_9_8.jpg,bo
/home/jovyan/privado/Trabalho/Dataset/Hangul Database/Hangul Database/jeon/전_4_4.jpg,jeon
/home/jovyan/privado/Trabalho/Dataset/Hangul Database/Hangul Database/ji/지_2_8.jpg,ji
/home/jovyan/privado/Trabalho/Dataset/Hangul Database/Hangul Database/seong/성_5_3.jpg,seong
/home/jovyan/privado/Trabalho/Dataset/Hangul Database/Hangul Database/choe/최_4_7.jpg,choe
/home/jovyan/privado/Trabalho/Dataset/Hangul Database/Hangul Database/gong/공_2_0.jpg,gong
/home/jovyan/privado/Trabalho/Dataset/Hangul Database/Hangul Database/eul/을_1_5.jpg,eul
/home/jovyan/privado/Trabalho/Dataset/Hangul Database/Hangul Database/ri/리_2_5.jpg,ri
/home/jovyan/privado/Trabalho/Dataset/Hangul Database/Hangul Database/ha/하_3_0.jpg,ha
/home/jovyan/privado/Trabalho/Dataset/Hangul Database/Hangul Database/gye/계_5_1.jpg,gye
/home/jovyan/privado/Trabalho/Dataset/Hangul Database/Hangul Database/won/원_0_0.jpg,won
/home/jovyan/privado/Trabalho/Dataset/Hangul Database/Hangul Database/eun/은_4_0.jpg,eun
/home/jovyan/privado/Trabalho/Dataset/Hangul Database/Hangul Database/il/일_8_3.jpg,il
/home/jovyan/privado/Trabalho/Dataset/Hangul Database/Hangul Database/neun/는_2_7.jpg,neun
/home/jovyan/privado/Trabalho/Dataset/Hangul Database/Hangul Database/iss/있_8_7.jpg,iss
/home/jovyan/privado/Trabalho/Dataset/Hangul Database/Hangul Database/a/아_9_8.jpg,a
/home/jovyan/privado/Trabalho/Dataset/Hangul Database/Hangul Database/gwa/과_2_3.jpg,gwa
/home/jovyan/privado/Trabalho/Dataset/Hangul Database/Hangul Database/gi/가_9_3.jpg,gi
/home/jovyan/privado/Trabalho/Dataset/Hangul Database/Hangul Database/eo/어_3_0.jpg,eo
/home/jovyan/privado/Trabalho/Dataset/Hangul Database/Hangul Database/ji/지_6_4.jpg,ji
/home/jovyan/privado/Trabalho/Dataset/Hangul Database/Hangul Database/bak/박_7_7.jpg,bak
/home/jovyan/privado/Trabalho/Dataset/Hangul Database/Hangul Database/na/나_9_4.jpg,na
/home/jovyan/privado/Trabalho/Dataset/Hangul Database/Hangul Database/gyeong/경_5_4.jpg,gyeong
/home/jovyan/privado/Trabalho/Dataset/Hangul Database/Hangul Database/ha/하_4_3.jpg,ha
/home/jovyan/privado/Trabalho/Dataset/Hangul Database/Hangul Database/gyeong/경_8_6.jpg,gyeong
/home/jovyan/privado/Trabalho/Dataset/Hangul Database/Hangul Database/sang/상_8_3.jpg,sang
/home/jovyan/privado/Trabalho/Dataset/Hangul Database/Hangul Database/so/소_1_0.jpg,so
/home/jovyan/privado/Trabalho/Dataset/Hangul Database/Hangul Database/won/원_8_0.jpg,won
/home/jovyan/privado/Trabalho/Dataset/Hangul Database/Hangul Database/i/이_4_5.jpg,i
/home/jovyan/privado/Trabalho/Dataset/Hangul Database/Hangul Database/gye/계_9_9.jpg,gye
/home/jovyan/privado/Trabalho/Dataset/Hangul Database/Hangul Database/sang/상_2_2.jpg,sang
/home/jovyan/privado/Trabalho/Dataset/Hangul Database/Hangul Database/na/나_6_0.jpg,na
/home/jovyan/privado/Trabalho/Dataset/Hangul Database/Hangul Database/choe/최_1_1.jpg,choe
/home/jovyan/privado/Trabalho/Dataset/Hangul Database/Hangul Database/bo/보_1_8.jpg,bo
/home/jovyan/privado/Trabalho/Dataset/Hangul Database/Hangul Database/su/수_3_2.jpg,su
/home/jovyan/privado/Trabalho/Dataset/Hangul Database/Hangul Database/seong/성_0_3.jpg,seong
/home/jovyan/privado/Trabalho/Dataset/Hangul Database/Hangul Database/ro/로_3_7.jpg,ro
/home/jovyan/privado/Trabalho/Dataset/Hangul Database/Hangul Database/bo/보_7_6.jpg,bo
/home/jovyan/privado/Trabalho/Dataset/Hangul Database/Hangul Database/eui/의_4_4.jpg,eui
/home/jovyan/privado/Trabalho/Dataset/Hangul Database/Hangul Database/sa/사_9_5.jpg,sa
/home/jovyan/privado/Trabalho/Dataset/Hangul Database/Hangul Database/guk/국_1_0.jpg,guk
/home/jovyan/privado/Trabalho/Dataset/Hangul Database/Hangul Database/han/한_0_8.jpg,han
/home/jovyan/privado/Trabalho/Dataset/Hangul Database/Hangul Database/won/원_2_1.jpg,won
/home/jovyan/privado/Trabalho/Dataset/Hangul Database/Hangul Database/ga/가_9_7.jpg,ga
/home/jovyan/privado/Trabalho/Dataset/Hangul Database/Hangul Database/hwa/화_4_4.jpg,hwa
/home/jovyan/privado/Trabalho/Dataset/Hangul Database/Hangul Database/il/일_8_1.jpg,il
/home/jovyan/privado/Trabalho/Dataset/Hangul Database/Hangul Database/sa/사_5_3.jpg,sa
/home/jovyan/privado/Trabalho/Dataset/Hangul Database/Hangul Database/sang/상_4_8.jpg,sang
/home/jovyan/privado/Trabalho/Dataset/Hangul Database/Hangul Database/ga/가_5_9.jpg,ga
/home/jovyan/privado/Trabalho/Dataset/Hangul Database/Hangul Database/jo/조_6_6.jpg,jo
/home/jovyan/privado/Trabalho/Dataset/Hangul Database/Hangul Database/eul/을_8_7.jpg,eul
/home/jovyan/privado/Trabalho/Dataset/Hangul Database/Hangul Database/wi/위_7_6.jpg,wi
/home/jovyan/privado/Trabalho/Dataset/Hangul Database/Hangul Database/neun/는_6_5.jpg,neun
/home/jovyan/privado/Trabalho/Dataset/Hangul Database/Hangul Database/ra/라_9_4.jpg,ra
/home/jovyan/privado/Trabalho/Dataset/Hangul Database/Hangul Database/do/도_0_4.jpg,do
/home/jovyan/privado/Trabalho/Dataset/Hangul Database/Hangul Database/seong/성_0_5.jpg,seong
/home/jovyan/privado/Trabalho/Dataset/Hangul Database/Hangul Database/choe/최_3_9.jpg,choe
/home/jovyan/privado/Trabalho/Dataset/Hangul Database/Hangul Database/eui/의_0_9.jpg,eui
/home/jovyan/privado/Trabalho/Dataset/Hangul Database/Hangul Database/bak/박_9_5.jpg,bak
/home/jovyan/privado/Trabalho/Dataset/Hangul Database/Hangul Database/gyeong/경_1_6.jpg,gyeong
/home/jovyan/privado/Trabalho/Dataset/Hangul Database/Hangul Database/eu/으_8_4.jpg,eu
/home/jovyan/privado/Trabalho/Dataset/Hangul Database/Hangul Database/gu/구_8_7.jpg,gu
/home/jovyan/privado/Trabalho/Dataset/Hangul Database/Hangul Database/won/원_8_2.jpg,won
/home/jovyan/privado/Trabalho/Dataset/Hangul Database/Hangul Database/eo/어_7_1.jpg,eo
/home/jovyan/privado/Trabalho/Dataset/Hangul Database/Hangul Database/geu/그_7_4.jpg,geu
/home/jovyan/privado/Trabalho/Dataset/Hangul Database/Hangul Database/ha/하_8_4.jpg,ha
/home/jovyan/privado/Trabalho/Dataset/Hangul Database/Hangul Database/go/고_2_0.jpg,go
/home/jovyan/privado/Trabalho/Dataset/Hangul Database/Hangul Database/bak/박_0_2.jpg,bak
/home/jovyan/privado/Trabalho/Dataset/Hangul Database/Hangul Database/bu/부_5_3.jpg,bu
/home/jovyan/privado/Trabalho/Dataset/Hangul Database/Hangul Database/jang/장_0_9.jpg,jang
/home/jovyan/privado/Trabalho/Dataset/Hangul Database/Hangul Database/go/고_7_8.jpg,go
/home/jovyan/privado/Trabalho/Dataset/Hangul Database/Hangul Database/wi/위_7_1.jpg,wi
/home/jovyan/privado/Trabalho/Dataset/Hangul Database/Hangul Database/ro/로_9_4.jpg,ro
/home/jovyan/privado/Trabalho/Dataset/Hangul Database/Hangul Database/e/에_2_2.jpg,e
/home/jovyan/privado/Trabalho/Dataset/Hangul Database/Hangul Database/seong/성_4_6.jpg,seong
/home/jovyan/privado/Trabalho/Dataset/Hangul Database/Hangul Database/do/도_5_0.jpg,do
/home/jovyan/privado/Trabalho/Dataset/Hangul Database/Hangul Database/seo/서_0_4.jpg,seo
/home/jovyan/privado/Trabalho/Dataset/Hangul Database/Hangul Database/jeok/적_1_0.jpg,jeok
/home/jovyan/privado/Trabalho/Dataset/Hangul Database/Hangul Database/na/나_0_5.jpg,na
/home/jovyan/privado/Trabalho/Dataset/Hangul Database/Hangul Database/jo/조_6_9.jpg,jo
/home/jovyan/privado/Trabalho/Dataset/Hangul Database/Hangul Database/hae/해_1_9.jpg,hae
/home/jovyan/privado/Trabalho/Dataset/Hangul Database/Hangul Database/ha/하_2_3.jpg,ha
/home/jovyan/privado/Trabalho/Dataset/Hangul Database/Hangul Database/si/시_2_7.jpg,si
/home/jovyan/privado/Trabalho/Dataset/Hangul Database/Hangul Database/eu/으_0_7.jpg,eu
/home/jovyan/privado/Trabalho/Dataset/Hangul Database/Hangul Database/eun/은_7_0.jpg,eun
/home/jovyan/privado/Trabalho/Dataset/Hangul Database/Hangul Database/i/이_3_8.jpg,i
/home/jovyan/privado/Trabalho/Dataset/Hangul Database/Hangul Database/yong/용_8_4.jpg,yong
/home/jovyan/privado/Trabalho/Dataset/Hangul Database/Hangul Database/seo/서_6_3.jpg,seo
/home/jovyan/privado/Trabalho/Dataset/Hangul Database/Hangul Database/a/아_3_7.jpg,a
/home/jovyan/privado/Trabalho/Dataset/Hangul Database/Hangul Database/si/시_9_4.jpg,si
/home/jovyan/privado/Trabalho/Dataset/Hangul Database/Hangul Database/yeo/여_2_4.jpg,yeo
/home/jovyan/privado/Trabalho/Dataset/Hangul Database/Hangul Database/jang/장_2_2.jpg,jang
/home/jovyan/privado/Trabalho/Dataset/Hangul Database/Hangul Database/ga/가_4_4.jpg,ga
/home/jovyan/privado/Trabalho/Dataset/Hangul Database/Hangul Database/bo/보_6_9.jpg,bo
/home/jovyan/privado/Trabalho/Dataset/Hangul Database/Hangul Database/jeok/적_0_5.jpg,jeok
/home/jovyan/privado/Trabalho/Dataset/Hangul Database/Hangul Database/geos/것_4_9.jpg,geos
/home/jovyan/privado/Trabalho/Dataset/Hangul Database/Hangul Database/gyeong/경_9_6.jpg,gyeong
/home/jovyan/privado/Trabalho/Dataset/Hangul Database/Hangul Database/jang/장_1_1.jpg,jang
/home/jovyan/privado/Trabalho/Dataset/Hangul Database/Hangul Database/dae/대_5_7.jpg,dae
/home/jovyan/privado/Trabalho/Dataset/Hangul Database/Hangul Database/dong/동_9_9.jpg,dong
/home/jovyan/privado/Trabalho/Dataset/Hangul Database/Hangul Database/su/수_2_1.jpg,su
/home/jovyan/privado/Trabalho/Dataset/Hangul Database/Hangul Database/seu/스_2_2.jpg,seu
/home/jovyan/privado/Trabalho/Dataset/Hangul Database/Hangul Database/gye/계_4_9.jpg,gye
/home/jovyan/privado/Trabalho/Dataset/Hangul Database/Hangul Database/jo/조_9_0.jpg,jo
/home/jovyan/privado/Trabalho/Dataset/Hangul Database/Hangul Database/seu/스_4_2.jpg,seu
/home/jovyan/privado/Trabalho/Dataset/Hangul Database/Hangul Database/yeon/연_7_1.jpg,yeon
/home/jovyan/privado/Trabalho/Dataset/Hangul Database/Hangul Database/da/다_6_1.jpg,da
/home/jovyan/privado/Trabalho/Dataset/Hangul Database/Hangul Database/yeon/연_1_7.jpg,yeon
/home/jovyan/privado/Trabalho/Dataset/Hangul Database/Hangul Database/reul/를_1_9.jpg,reul
/home/jovyan/privado/Trabalho/Dataset/Hangul Database/Hangul Database/hae/해_9_1.jpg,hae
/home/jovyan/privado/Trabalho/Dataset/Hangul Database/Hangul Database/won/원_1_6.jpg,won
/home/jovyan/privado/Trabalho/Dataset/Hangul Database/Hangul Database/ju/주_0_9.jpg,ju
/home/jovyan/privado/Trabalho/Dataset/Hangul Database/Hangul Database/yong/용_5_6.jpg,yong
/home/jovyan/privado/Trabalho/Dataset/Hangul Database/Hangul Database/gyeong/경_7_3.jpg,gyeong
/home/jovyan/privado/Trabalho/Dataset/Hangul Database/Hangul Database/ha/하_9_7.jpg,ha
/home/jovyan/privado/Trabalho/Dataset/Hangul Database/Hangul Database/da/다_7_3.jpg,da
/home/jovyan/privado/Trabalho/Dataset/Hangul Database/Hangul Database/geu/그_0_7.jpg,geu
/home/jovyan/privado/Trabalho/Dataset/Hangul Database/Hangul Database/si/시_6_2.jpg,si
/home/jovyan/privado/Trabalho/Dataset/Hangul Database/Hangul Database/gye/계_8_5.jpg,gye
/home/jovyan/privado/Trabalho/Dataset/Hangul Database/Hangul Database/seong/성_4_8.jpg,seong
/home/jovyan/privado/Trabalho/Dataset/Hangul Database/Hangul Database/yeon/연_0_5.jpg,yeon
/home/jovyan/privado/Trabalho/Dataset/Hangul Database/Hangul Database/eui/의_6_4.jpg,eui
/home/jovyan/privado/Trabalho/Dataset/Hangul Database/Hangul Database/jeok/적_8_5.jpg,jeok
/home/jovyan/privado/Trabalho/Dataset/Hangul Database/Hangul Database/dae/대_2_4.jpg,dae
/home/jovyan/privado/Trabalho/Dataset/Hangul Database/Hangul Database/jo/조_7_3.jpg,jo
/home/jovyan/privado/Trabalho/Dataset/Hangul Database/Hangul Database/ja/자_1_8.jpg,ja
/home/jovyan/privado/Trabalho/Dataset/Hangul Database/Hangul Database/su/수_5_5.jpg,su
/home/jovyan/privado/Trabalho/Dataset/Hangul Database/Hangul Database/jeon/전_0_4.jpg,jeon
/home/jovyan/privado/Trabalho/Dataset/Hangul Database/Hangul Database/do/도_2_4.jpg,do
/home/jovyan/privado/Trabalho/Dataset/Hangul Database/Hangul Database/iss/있_2_6.jpg,iss
/home/jovyan/privado/Trabalho/Dataset/Hangul Database/Hangul Database/eun/은_5_6.jpg,eun
/home/jovyan/privado/Trabalho/Dataset/Hangul Database/Hangul Database/neun/는_1_4.jpg,neun
/home/jovyan/privado/Trabalho/Dataset/Hangul Database/Hangul Database/gong/공_1_0.jpg,gong
/home/jovyan/privado/Trabalho/Dataset/Hangul Database/Hangul Database/sa/사_3_5.jpg,sa
/home/jovyan/privado/Trabalho/Dataset/Hangul Database/Hangul Database/ra/라_8_6.jpg,ra
/home/jovyan/privado/Trabalho/Dataset/Hangul Database/Hangul Database/na/나_9_5.jpg,na
/home/jovyan/privado/Trabalho/Dataset/Hangul Database/Hangul Database/dong/동_6_5.jpg,dong
/home/jovyan/privado/Trabalho/Dataset/Hangul Database/Hangul Database/geu/그_4_9.jpg,geu
/home/jovyan/privado/Trabalho/Dataset/Hangul Database/Hangul Database/gwa/과_8_5.jpg,gwa
/home/jovyan/privado/Trabalho/Dataset/Hangul Database/Hangul Database/ri/리_5_3.jpg,ri
/home/jovyan/privado/Trabalho/Dataset/Hangul Database/Hangul Database/seo/서_9_1.jpg,seo
/home/jovyan/privado/Trabalho/Dataset/Hangul Database/Hangul Database/eo/어_4_0.jpg,eo
/home/jovyan/privado/Trabalho/Dataset/Hangul Database/Hangul Database/i/이_3_4.jpg,i
/home/jovyan/privado/Trabalho/Dataset/Hangul Database/Hangul Database/sang/상_8_4.jpg,sang
/home/jovyan/privado/Trabalho/Dataset/Hangul Database/Hangul Database/ro/로_6_8.jpg,ro
/home/jovyan/privado/Trabalho/Dataset/Hangul Database/Hangul Database/eui/의_0_5.jpg,eui
/home/jovyan/privado/Trabalho/Dataset/Hangul Database/Hangul Database/in/인_6_7.jpg,in
/home/jovyan/privado/Trabalho/Dataset/Hangul Database/Hangul Database/hwa/화_8_3.jpg,hwa
/home/jovyan/privado/Trabalho/Dataset/Hangul Database/Hangul Database/reul/를_9_0.jpg,reul
/home/jovyan/privado/Trabalho/Dataset/Hangul Database/Hangul Database/hwa/화_1_3.jpg,hwa
/home/jovyan/privado/Trabalho/Dataset/Hangul Database/Hangul Database/jo/조_9_5.jpg,jo
/home/jovyan/privado/Trabalho/Dataset/Hangul Database/Hangul Database/hae/해_2_5.jpg,hae
/home/jovyan/privado/Trabalho/Dataset/Hangul Database/Hangul Database/ja/자_6_5.jpg,ja
/home/jovyan/privado/Trabalho/Dataset/Hangul Database/Hangul Database/ji/지_8_7.jpg,ji
/home/jovyan/privado/Trabalho/Dataset/Hangul Database/Hangul Database/sang/상_9_0.jpg,sang
/home/jovyan/privado/Trabalho/Dataset/Hangul Database/Hangul Database/won/원_9_2.jpg,won
/home/jovyan/privado/Trabalho/Dataset/Hangul Database/Hangul Database/seu/스_8_9.jpg,seu
/home/jovyan/privado/Trabalho/Dataset/Hangul Database/Hangul Database/jeong/정_6_7.jpg,jeong
/home/jovyan/privado/Trabalho/Dataset/Hangul Database/Hangul Database/ri/리_3_2.jpg,ri
/home/jovyan/privado/Trabalho/Dataset/Hangul Database/Hangul Database/je/제_7_4.jpg,je
/home/jovyan/privado/Trabalho/Dataset/Hangul Database/Hangul Database/eo/어_2_0.jpg,eo
/home/jovyan/privado/Trabalho/Dataset/Hangul Database/Hangul Database/han/한_4_6.jpg,han
/home/jovyan/privado/Trabalho/Dataset/Hangul Database/Hangul Database/eu/으_8_6.jpg,eu
/home/jovyan/privado/Trabalho/Dataset/Hangul Database/Hangul Database/ju/주_3_2.jpg,ju
/home/jovyan/privado/Trabalho/Dataset/Hangul Database/Hangul Database/il/일_2_7.jpg,il
/home/jovyan/privado/Trabalho/Dataset/Hangul Database/Hangul Database/eui/의_6_1.jpg,eui
/home/jovyan/privado/Trabalho/Dataset/Hangul Database/Hangul Database/wi/위_9_6.jpg,wi
/home/jovyan/privado/Trabalho/Dataset/Hangul Database/Hangul Database/yeon/연_6_1.jpg,yeon
/home/jovyan/privado/Trabalho/Dataset/Hangul Database/Hangul Database/seo/서_2_9.jpg,seo
/home/jovyan/privado/Trabalho/Dataset/Hangul Database/Hangul Database/han/한_2_7.jpg,han
/home/jovyan/privado/Trabalho/Dataset/Hangul Database/Hangul Database/iss/있_0_3.jpg,iss
/home/jovyan/privado/Trabalho/Dataset/Hangul Database/Hangul Database/gi/가_8_9.jpg,gi
/home/jovyan/privado/Trabalho/Dataset/Hangul Database/Hangul Database/bak/박_3_4.jpg,bak
/home/jovyan/privado/Trabalho/Dataset/Hangul Database/Hangul Database/bu/부_3_4.jpg,bu
/home/jovyan/privado/Trabalho/Dataset/Hangul Database/Hangul Database/gim/김_2_9.jpg,gim
/home/jovyan/privado/Trabalho/Dataset/Hangul Database/Hangul Database/yeo/여_9_6.jpg,yeo
/home/jovyan/privado/Trabalho/Dataset/Hangul Database/Hangul Database/ju/주_3_9.jpg,ju
/home/jovyan/privado/Trabalho/Dataset/Hangul Database/Hangul Database/eo/어_4_5.jpg,eo
/home/jovyan/privado/Trabalho/Dataset/Hangul Database/Hangul Database/dong/동_8_1.jpg,dong
/home/jovyan/privado/Trabalho/Dataset/Hangul Database/Hangul Database/deul/들_7_5.jpg,deul
/home/jovyan/privado/Trabalho/Dataset/Hangul Database/Hangul Database/bak/박_2_6.jpg,bak
/home/jovyan/privado/Trabalho/Dataset/Hangul Database/Hangul Database/eu/으_9_8.jpg,eu
/home/jovyan/privado/Trabalho/Dataset/Hangul Database/Hangul Database/dae/대_3_8.jpg,dae
/home/jovyan/privado/Trabalho/Dataset/Hangul Database/Hangul Database/deul/들_6_2.jpg,deul
/home/jovyan/privado/Trabalho/Dataset/Hangul Database/Hangul Database/je/제_9_0.jpg,je
/home/jovyan/privado/Trabalho/Dataset/Hangul Database/Hangul Database/won/원_9_1.jpg,won
/home/jovyan/privado/Trabalho/Dataset/Hangul Database/Hangul Database/je/제_1_1.jpg,je
/home/jovyan/privado/Trabalho/Dataset/Hangul Database/Hangul Database/so/소_7_0.jpg,so
/home/jovyan/privado/Trabalho/Dataset/Hangul Database/Hangul Database/guk/국_4_9.jpg,guk
/home/jovyan/privado/Trabalho/Dataset/Hangul Database/Hangul Database/e/에_8_2.jpg,e
/home/jovyan/privado/Trabalho/Dataset/Hangul Database/Hangul Database/ju/주_9_6.jpg,ju
/home/jovyan/privado/Trabalho/Dataset/Hangul Database/Hangul Database/gi/가_6_1.jpg,gi
/home/jovyan/privado/Trabalho/Dataset/Hangul Database/Hangul Database/eun/은_0_8.jpg,eun
/home/jovyan/privado/Trabalho/Dataset/Hangul Database/Hangul Database/eun/은_1_9.jpg,eun
/home/jovyan/privado/Trabalho/Dataset/Hangul Database/Hangul Database/jeong/정_3_5.jpg,jeong
/home/jovyan/privado/Trabalho/Dataset/Hangul Database/Hangul Database/guk/국_8_8.jpg,guk
/home/jovyan/privado/Trabalho/Dataset/Hangul Database/Hangul Database/deul/들_5_2.jpg,deul
/home/jovyan/privado/Trabalho/Dataset/Hangul Database/Hangul Database/seong/성_1_3.jpg,seong
/home/jovyan/privado/Trabalho/Dataset/Hangul Database/Hangul Database/bo/보_1_6.jpg,bo
/home/jovyan/privado/Trabalho/Dataset/Hangul Database/Hangul Database/jeok/적_6_8.jpg,jeok
/home/jovyan/privado/Trabalho/Dataset/Hangul Database/Hangul Database/yong/용_0_8.jpg,yong
/home/jovyan/privado/Trabalho/Dataset/Hangul Database/Hangul Database/je/제_2_4.jpg,je
/home/jovyan/privado/Trabalho/Dataset/Hangul Database/Hangul Database/yeo/여_6_1.jpg,yeo
/home/jovyan/privado/Trabalho/Dataset/Hangul Database/Hangul Database/bu/부_2_9.jpg,bu
/home/jovyan/privado/Trabalho/Dataset/Hangul Database/Hangul Database/sa/사_2_2.jpg,sa
/home/jovyan/privado/Trabalho/Dataset/Hangul Database/Hangul Database/ra/라_4_1.jpg,ra
/home/jovyan/privado/Trabalho/Dataset/Hangul Database/Hangul Database/dong/동_2_3.jpg,dong
/home/jovyan/privado/Trabalho/Dataset/Hangul Database/Hangul Database/i/이_8_0.jpg,i
/home/jovyan/privado/Trabalho/Dataset/Hangul Database/Hangul Database/jeon/전_8_7.jpg,jeon
/home/jovyan/privado/Trabalho/Dataset/Hangul Database/Hangul Database/go/고_1_4.jpg,go
/home/jovyan/privado/Trabalho/Dataset/Hangul Database/Hangul Database/go/고_3_5.jpg,go
/home/jovyan/privado/Trabalho/Dataset/Hangul Database/Hangul Database/eu/으_3_3.jpg,eu
/home/jovyan/privado/Trabalho/Dataset/Hangul Database/Hangul Database/in/인_2_9.jpg,in
/home/jovyan/privado/Trabalho/Dataset/Hangul Database/Hangul Database/in/인_5_0.jpg,in
/home/jovyan/privado/Trabalho/Dataset/Hangul Database/Hangul Database/eul/을_7_0.jpg,eul
/home/jovyan/privado/Trabalho/Dataset/Hangul Database/Hangul Database/a/아_5_7.jpg,a
/home/jovyan/privado/Trabalho/Dataset/Hangul Database/Hangul Database/jeong/정_2_6.jpg,jeong
/home/jovyan/privado/Trabalho/Dataset/Hangul Database/Hangul Database/dong/동_3_9.jpg,dong
/home/jovyan/privado/Trabalho/Dataset/Hangul Database/Hangul Database/ha/하_6_9.jpg,ha
/home/jovyan/privado/Trabalho/Dataset/Hangul Database/Hangul Database/seo/서_2_4.jpg,seo
/home/jovyan/privado/Trabalho/Dataset/Hangul Database/Hangul Database/il/일_7_6.jpg,il
/home/jovyan/privado/Trabalho/Dataset/Hangul Database/Hangul Database/sa/사_2_3.jpg,sa
/home/jovyan/privado/Trabalho/Dataset/Hangul Database/Hangul Database/eul/을_0_9.jpg,eul
/home/jovyan/privado/Trabalho/Dataset/Hangul Database/Hangul Database/geu/그_0_2.jpg,geu
/home/jovyan/privado/Trabalho/Dataset/Hangul Database/Hangul Database/eu/으_5_6.jpg,eu
/home/jovyan/privado/Trabalho/Dataset/Hangul Database/Hangul Database/jeok/적_1_5.jpg,jeok
/home/jovyan/privado/Trabalho/Dataset/Hangul Database/Hangul Database/jo/조_2_5.jpg,jo
/home/jovyan/privado/Trabalho/Dataset/Hangul Database/Hangul Database/i/이_9_1.jpg,i
/home/jovyan/privado/Trabalho/Dataset/Hangul Database/Hangul Database/so/소_0_9.jpg,so
/home/jovyan/privado/Trabalho/Dataset/Hangul Database/Hangul Database/go/고_1_8.jpg,go
/home/jovyan/privado/Trabalho/Dataset/Hangul Database/Hangul Database/e/에_3_7.jpg,e
/home/jovyan/privado/Trabalho/Dataset/Hangul Database/Hangul Database/si/시_1_2.jpg,si
/home/jovyan/privado/Trabalho/Dataset/Hangul Database/Hangul Database/ja/자_9_9.jpg,ja
/home/jovyan/privado/Trabalho/Dataset/Hangul Database/Hangul Database/choe/최_3_3.jpg,choe
/home/jovyan/privado/Trabalho/Dataset/Hangul Database/Hangul Database/eu/으_7_1.jpg,eu
/home/jovyan/privado/Trabalho/Dataset/Hangul Database/Hangul Database/hae/해_6_7.jpg,hae
/home/jovyan/privado/Trabalho/Dataset/Hangul Database/Hangul Database/choe/최_7_3.jpg,choe
/home/jovyan/privado/Trabalho/Dataset/Hangul Database/Hangul Database/ju/주_6_6.jpg,ju
/home/jovyan/privado/Trabalho/Dataset/Hangul Database/Hangul Database/gye/계_2_1.jpg,gye
/home/jovyan/privado/Trabalho/Dataset/Hangul Database/Hangul Database/je/제_5_4.jpg,je
/home/jovyan/privado/Trabalho/Dataset/Hangul Database/Hangul Database/jeong/정_8_5.jpg,jeong
/home/jovyan/privado/Trabalho/Dataset/Hangul Database/Hangul Database/su/수_9_7.jpg,su
/home/jovyan/privado/Trabalho/Dataset/Hangul Database/Hangul Database/yong/용_2_9.jpg,yong
/home/jovyan/privado/Trabalho/Dataset/Hangul Database/Hangul Database/bo/보_1_0.jpg,bo
/home/jovyan/privado/Trabalho/Dataset/Hangul Database/Hangul Database/su/수_6_7.jpg,su
/home/jovyan/privado/Trabalho/Dataset/Hangul Database/Hangul Database/gi/가_0_7.jpg,gi
/home/jovyan/privado/Trabalho/Dataset/Hangul Database/Hangul Database/geos/것_1_4.jpg,geos
/home/jovyan/privado/Trabalho/Dataset/Hangul Database/Hangul Database/dae/대_5_3.jpg,dae
/home/jovyan/privado/Trabalho/Dataset/Hangul Database/Hangul Database/ga/가_0_9.jpg,ga
/home/jovyan/privado/Trabalho/Dataset/Hangul Database/Hangul Database/da/다_8_9.jpg,da
/home/jovyan/privado/Trabalho/Dataset/Hangul Database/Hangul Database/il/일_2_6.jpg,il
/home/jovyan/privado/Trabalho/Dataset/Hangul Database/Hangul Database/si/시_8_4.jpg,si
/home/jovyan/privado/Trabalho/Dataset/Hangul Database/Hangul Database/jang/장_1_0.jpg,jang
/home/jovyan/privado/Trabalho/Dataset/Hangul Database/Hangul Database/won/원_6_3.jpg,won
/home/jovyan/privado/Trabalho/Dataset/Hangul Database/Hangul Database/dae/대_8_8.jpg,dae
/home/jovyan/privado/Trabalho/Dataset/Hangul Database/Hangul Database/da/다_4_8.jpg,da
/home/jovyan/privado/Trabalho/Dataset/Hangul Database/Hangul Database/bu/부_2_1.jpg,bu
/home/jovyan/privado/Trabalho/Dataset/Hangul Database/Hangul Database/gu/구_6_1.jpg,gu
/home/jovyan/privado/Trabalho/Dataset/Hangul Database/Hangul Database/ju/주_8_7.jpg,ju
/home/jovyan/privado/Trabalho/Dataset/Hangul Database/Hangul Database/jeok/적_0_2.jpg,jeok
/home/jovyan/privado/Trabalho/Dataset/Hangul Database/Hangul Database/il/일_7_4.jpg,il
/home/jovyan/privado/Trabalho/Dataset/Hangul Database/Hangul Database/yong/용_5_0.jpg,yong
/home/jovyan/privado/Trabalho/Dataset/Hangul Database/Hangul Database/gyeong/경_3_3.jpg,gyeong
/home/jovyan/privado/Trabalho/Dataset/Hangul Database/Hangul Database/ha/하_9_3.jpg,ha
/home/jovyan/privado/Trabalho/Dataset/Hangul Database/Hangul Database/gye/계_9_0.jpg,gye
/home/jovyan/privado/Trabalho/Dataset/Hangul Database/Hangul Database/yong/용_6_4.jpg,yong
/home/jovyan/privado/Trabalho/Dataset/Hangul Database/Hangul Database/hae/해_5_9.jpg,hae
/home/jovyan/privado/Trabalho/Dataset/Hangul Database/Hangul Database/neun/는_4_0.jpg,neun
/home/jovyan/privado/Trabalho/Dataset/Hangul Database/Hangul Database/jeok/적_1_2.jpg,jeok
/home/jovyan/privado/Trabalho/Dataset/Hangul Database/Hangul Database/han/한_5_9.jpg,han
/home/jovyan/privado/Trabalho/Dataset/Hangul Database/Hangul Database/ja/자_8_0.jpg,ja
/home/jovyan/privado/Trabalho/Dataset/Hangul Database/Hangul Database/ro/로_5_5.jpg,ro
/home/jovyan/privado/Trabalho/Dataset/Hangul Database/Hangul Database/si/시_7_1.jpg,si
/home/jovyan/privado/Trabalho/Dataset/Hangul Database/Hangul Database/bo/보_2_3.jpg,bo
/home/jovyan/privado/Trabalho/Dataset/Hangul Database/Hangul Database/sang/상_3_9.jpg,sang
/home/jovyan/privado/Trabalho/Dataset/Hangul Database/Hangul Database/wi/위_5_6.jpg,wi
/home/jovyan/privado/Trabalho/Dataset/Hangul Database/Hangul Database/dae/대_0_0.jpg,dae
/home/jovyan/privado/Trabalho/Dataset/Hangul Database/Hangul Database/do/도_9_0.jpg,do
/home/jovyan/privado/Trabalho/Dataset/Hangul Database/Hangul Database/won/원_3_7.jpg,won
/home/jovyan/privado/Trabalho/Dataset/Hangul Database/Hangul Database/jang/장_1_2.jpg,jang
/home/jovyan/privado/Trabalho/Dataset/Hangul Database/Hangul Database/eo/어_2_8.jpg,eo
/home/jovyan/privado/Trabalho/Dataset/Hangul Database/Hangul Database/na/나_4_0.jpg,na
/home/jovyan/privado/Trabalho/Dataset/Hangul Database/Hangul Database/da/다_6_3.jpg,da
/home/jovyan/privado/Trabalho/Dataset/Hangul Database/Hangul Database/gong/공_7_6.jpg,gong
/home/jovyan/privado/Trabalho/Dataset/Hangul Database/Hangul Database/sang/상_2_0.jpg,sang
/home/jovyan/privado/Trabalho/Dataset/Hangul Database/Hangul Database/iss/있_3_2.jpg,iss
/home/jovyan/privado/Trabalho/Dataset/Hangul Database/Hangul Database/yong/용_0_5.jpg,yong
/home/jovyan/privado/Trabalho/Dataset/Hangul Database/Hangul Database/eun/은_6_0.jpg,eun
/home/jovyan/privado/Trabalho/Dataset/Hangul Database/Hangul Database/gu/구_3_5.jpg,gu
/home/jovyan/privado/Trabalho/Dataset/Hangul Database/Hangul Database/si/시_7_8.jpg,si
/home/jovyan/privado/Trabalho/Dataset/Hangul Database/Hangul Database/deul/들_2_2.jpg,deul
/home/jovyan/privado/Trabalho/Dataset/Hangul Database/Hangul Database/je/제_5_7.jpg,je
/home/jovyan/privado/Trabalho/Dataset/Hangul Database/Hangul Database/yong/용_9_4.jpg,yong
/home/jovyan/privado/Trabalho/Dataset/Hangul Database/Hangul Database/dae/대_0_2.jpg,dae
/home/jovyan/privado/Trabalho/Dataset/Hangul Database/Hangul Database/hwa/화_0_2.jpg,hwa
/home/jovyan/privado/Trabalho/Dataset/Hangul Database/Hangul Database/gi/가_3_9.jpg,gi
/home/jovyan/privado/Trabalho/Dataset/Hangul Database/Hangul Database/yong/용_4_9.jpg,yong
/home/jovyan/privado/Trabalho/Dataset/Hangul Database/Hangul Database/ga/가_6_5.jpg,ga
/home/jovyan/privado/Trabalho/Dataset/Hangul Database/Hangul Database/geu/그_0_5.jpg,geu
/home/jovyan/privado/Trabalho/Dataset/Hangul Database/Hangul Database/bak/박_6_1.jpg,bak
/home/jovyan/privado/Trabalho/Dataset/Hangul Database/Hangul Database/geos/것_8_5.jpg,geos
/home/jovyan/privado/Trabalho/Dataset/Hangul Database/Hangul Database/geos/것_6_3.jpg,geos
/home/jovyan/privado/Trabalho/Dataset/Hangul Database/Hangul Database/ra/라_6_3.jpg,ra
/home/jovyan/privado/Trabalho/Dataset/Hangul Database/Hangul Database/so/소_8_3.jpg,so
/home/jovyan/privado/Trabalho/Dataset/Hangul Database/Hangul Database/sang/상_7_9.jpg,sang
/home/jovyan/privado/Trabalho/Dataset/Hangul Database/Hangul Database/gu/구_2_1.jpg,gu
/home/jovyan/privado/Trabalho/Dataset/Hangul Database/Hangul Database/gye/계_3_6.jpg,gye
/home/jovyan/privado/Trabalho/Dataset/Hangul Database/Hangul Database/ri/리_4_8.jpg,ri
/home/jovyan/privado/Trabalho/Dataset/Hangul Database/Hangul Database/hwa/화_8_6.jpg,hwa
/home/jovyan/privado/Trabalho/Dataset/Hangul Database/Hangul Database/sa/사_8_4.jpg,sa
/home/jovyan/privado/Trabalho/Dataset/Hangul Database/Hangul Database/yeon/연_6_8.jpg,yeon
/home/jovyan/privado/Trabalho/Dataset/Hangul Database/Hangul Database/je/제_3_3.jpg,je
/home/jovyan/privado/Trabalho/Dataset/Hangul Database/Hangul Database/han/한_9_3.jpg,han
/home/jovyan/privado/Trabalho/Dataset/Hangul Database/Hangul Database/do/도_7_4.jpg,do
/home/jovyan/privado/Trabalho/Dataset/Hangul Database/Hangul Database/yeo/여_8_1.jpg,yeo
/home/jovyan/privado/Trabalho/Dataset/Hangul Database/Hangul Database/yong/용_7_8.jpg,yong
/home/jovyan/privado/Trabalho/Dataset/Hangul Database/Hangul Database/ha/하_0_6.jpg,ha
/home/jovyan/privado/Trabalho/Dataset/Hangul Database/Hangul Database/hae/해_8_4.jpg,hae
/home/jovyan/privado/Trabalho/Dataset/Hangul Database/Hangul Database/da/다_0_7.jpg,da
/home/jovyan/privado/Trabalho/Dataset/Hangul Database/Hangul Database/su/수_1_9.jpg,su
/home/jovyan/privado/Trabalho/Dataset/Hangul Database/Hangul Database/jo/조_8_8.jpg,jo
/home/jovyan/privado/Trabalho/Dataset/Hangul Database/Hangul Database/hwa/화_6_7.jpg,hwa
/home/jovyan/privado/Trabalho/Dataset/Hangul Database/Hangul Database/eun/은_7_9.jpg,eun
/home/jovyan/privado/Trabalho/Dataset/Hangul Database/Hangul Database/hwa/화_4_6.jpg,hwa
/home/jovyan/privado/Trabalho/Dataset/Hangul Database/Hangul Database/ga/가_7_0.jpg,ga
/home/jovyan/privado/Trabalho/Dataset/Hangul Database/Hangul Database/dae/대_3_5.jpg,dae
/home/jovyan/privado/Trabalho/Dataset/Hangul Database/Hangul Database/hwa/화_3_7.jpg,hwa
/home/jovyan/privado/Trabalho/Dataset/Hangul Database/Hangul Database/han/한_7_2.jpg,han
/home/jovyan/privado/Trabalho/Dataset/Hangul Database/Hangul Database/sang/상_6_3.jpg,sang
/home/jovyan/privado/Trabalho/Dataset/Hangul Database/Hangul Database/geos/것_3_7.jpg,geos
/home/jovyan/privado/Trabalho/Dataset/Hangul Database/Hangul Database/in/인_9_4.jpg,in
/home/jovyan/privado/Trabalho/Dataset/Hangul Database/Hangul Database/hwa/화_4_1.jpg,hwa
/home/jovyan/privado/Trabalho/Dataset/Hangul Database/Hangul Database/sa/사_4_4.jpg,sa
/home/jovyan/privado/Trabalho/Dataset/Hangul Database/Hangul Database/eu/으_3_4.jpg,eu
/home/jovyan/privado/Trabalho/Dataset/Hangul Database/Hangul Database/eo/어_8_3.jpg,eo
/home/jovyan/privado/Trabalho/Dataset/Hangul Database/Hangul Database/il/일_0_9.jpg,il
/home/jovyan/privado/Trabalho/Dataset/Hangul Database/Hangul Database/jeong/정_7_5.jpg,jeong
/home/jovyan/privado/Trabalho/Dataset/Hangul Database/Hangul Database/ga/가_5_2.jpg,ga
/home/jovyan/privado/Trabalho/Dataset/Hangul Database/Hangul Database/hae/해_2_0.jpg,hae
/home/jovyan/privado/Trabalho/Dataset/Hangul Database/Hangul Database/ju/주_8_1.jpg,ju
/home/jovyan/privado/Trabalho/Dataset/Hangul Database/Hangul Database/ju/주_4_5.jpg,ju
/home/jovyan/privado/Trabalho/Dataset/Hangul Database/Hangul Database/ri/리_8_6.jpg,ri
/home/jovyan/privado/Trabalho/Dataset/Hangul Database/Hangul Database/yeo/여_4_2.jpg,yeo
/home/jovyan/privado/Trabalho/Dataset/Hangul Database/Hangul Database/jo/조_1_8.jpg,jo
/home/jovyan/privado/Trabalho/Dataset/Hangul Database/Hangul Database/ju/주_0_7.jpg,ju
/home/jovyan/privado/Trabalho/Dataset/Hangul Database/Hangul Database/gi/가_1_4.jpg,gi
/home/jovyan/privado/Trabalho/Dataset/Hangul Database/Hangul Database/dong/동_3_0.jpg,dong
/home/jovyan/privado/Trabalho/Dataset/Hangul Database/Hangul Database/in/인_8_6.jpg,in
/home/jovyan/privado/Trabalho/Dataset/Hangul Database/Hangul Database/bo/보_1_9.jpg,bo
/home/jovyan/privado/Trabalho/Dataset/Hangul Database/Hangul Database/geu/그_1_4.jpg,geu
/home/jovyan/privado/Trabalho/Dataset/Hangul Database/Hangul Database/ji/지_9_8.jpg,ji
/home/jovyan/privado/Trabalho/Dataset/Hangul Database/Hangul Database/i/이_1_6.jpg,i
/home/jovyan/privado/Trabalho/Dataset/Hangul Database/Hangul Database/seu/스_5_5.jpg,seu
/home/jovyan/privado/Trabalho/Dataset/Hangul Database/Hangul Database/ja/자_5_6.jpg,ja
/home/jovyan/privado/Trabalho/Dataset/Hangul Database/Hangul Database/han/한_6_7.jpg,han
/home/jovyan/privado/Trabalho/Dataset/Hangul Database/Hangul Database/sang/상_1_6.jpg,sang
/home/jovyan/privado/Trabalho/Dataset/Hangul Database/Hangul Database/han/한_2_0.jpg,han
/home/jovyan/privado/Trabalho/Dataset/Hangul Database/Hangul Database/go/고_3_3.jpg,go
/home/jovyan/privado/Trabalho/Dataset/Hangul Database/Hangul Database/je/제_4_6.jpg,je
/home/jovyan/privado/Trabalho/Dataset/Hangul Database/Hangul Database/ga/가_2_7.jpg,ga
/home/jovyan/privado/Trabalho/Dataset/Hangul Database/Hangul Database/gu/구_9_7.jpg,gu
/home/jovyan/privado/Trabalho/Dataset/Hangul Database/Hangul Database/han/한_3_4.jpg,han
/home/jovyan/privado/Trabalho/Dataset/Hangul Database/Hangul Database/yeon/연_4_2.jpg,yeon
/home/jovyan/privado/Trabalho/Dataset/Hangul Database/Hangul Database/dae/대_7_0.jpg,dae
/home/jovyan/privado/Trabalho/Dataset/Hangul Database/Hangul Database/deul/들_4_8.jpg,deul
/home/jovyan/privado/Trabalho/Dataset/Hangul Database/Hangul Database/gu/구_8_4.jpg,gu
/home/jovyan/privado/Trabalho/Dataset/Hangul Database/Hangul Database/jeong/정_9_7.jpg,jeong
/home/jovyan/privado/Trabalho/Dataset/Hangul Database/Hangul Database/sa/사_4_0.jpg,sa
/home/jovyan/privado/Trabalho/Dataset/Hangul Database/Hangul Database/bak/박_1_3.jpg,bak
/home/jovyan/privado/Trabalho/Dataset/Hangul Database/Hangul Database/jang/장_2_0.jpg,jang
/home/jovyan/privado/Trabalho/Dataset/Hangul Database/Hangul Database/ro/로_6_4.jpg,ro
/home/jovyan/privado/Trabalho/Dataset/Hangul Database/Hangul Database/hwa/화_3_5.jpg,hwa
/home/jovyan/privado/Trabalho/Dataset/Hangul Database/Hangul Database/gye/계_9_1.jpg,gye
/home/jovyan/privado/Trabalho/Dataset/Hangul Database/Hangul Database/ha/하_9_9.jpg,ha
/home/jovyan/privado/Trabalho/Dataset/Hangul Database/Hangul Database/jo/조_5_8.jpg,jo
/home/jovyan/privado/Trabalho/Dataset/Hangul Database/Hangul Database/reul/를_5_3.jpg,reul
/home/jovyan/privado/Trabalho/Dataset/Hangul Database/Hangul Database/gye/계_2_0.jpg,gye
/home/jovyan/privado/Trabalho/Dataset/Hangul Database/Hangul Database/bu/부_5_0.jpg,bu
/home/jovyan/privado/Trabalho/Dataset/Hangul Database/Hangul Database/yeo/여_3_2.jpg,yeo
/home/jovyan/privado/Trabalho/Dataset/Hangul Database/Hangul Database/e/에_6_1.jpg,e
/home/jovyan/privado/Trabalho/Dataset/Hangul Database/Hangul Database/jang/장_2_8.jpg,jang
/home/jovyan/privado/Trabalho/Dataset/Hangul Database/Hangul Database/si/시_6_8.jpg,si
/home/jovyan/privado/Trabalho/Dataset/Hangul Database/Hangul Database/jo/조_7_2.jpg,jo
/home/jovyan/privado/Trabalho/Dataset/Hangul Database/Hangul Database/jo/조_3_8.jpg,jo
/home/jovyan/privado/Trabalho/Dataset/Hangul Database/Hangul Database/neun/는_4_8.jpg,neun
/home/jovyan/privado/Trabalho/Dataset/Hangul Database/Hangul Database/gong/공_1_4.jpg,gong
/home/jovyan/privado/Trabalho/Dataset/Hangul Database/Hangul Database/iss/있_7_1.jpg,iss
/home/jovyan/privado/Trabalho/Dataset/Hangul Database/Hangul Database/seo/서_4_8.jpg,seo
/home/jovyan/privado/Trabalho/Dataset/Hangul Database/Hangul Database/dong/동_8_3.jpg,dong
/home/jovyan/privado/Trabalho/Dataset/Hangul Database/Hangul Database/ri/리_2_9.jpg,ri
/home/jovyan/privado/Trabalho/Dataset/Hangul Database/Hangul Database/wi/위_2_2.jpg,wi
/home/jovyan/privado/Trabalho/Dataset/Hangul Database/Hangul Database/gi/가_4_0.jpg,gi
/home/jovyan/privado/Trabalho/Dataset/Hangul Database/Hangul Database/gu/구_2_2.jpg,gu
/home/jovyan/privado/Trabalho/Dataset/Hangul Database/Hangul Database/il/일_1_3.jpg,il
/home/jovyan/privado/Trabalho/Dataset/Hangul Database/Hangul Database/eui/의_7_0.jpg,eui
/home/jovyan/privado/Trabalho/Dataset/Hangul Database/Hangul Database/i/이_4_7.jpg,i
/home/jovyan/privado/Trabalho/Dataset/Hangul Database/Hangul Database/yeo/여_1_0.jpg,yeo
/home/jovyan/privado/Trabalho/Dataset/Hangul Database/Hangul Database/ja/자_5_5.jpg,ja
/home/jovyan/privado/Trabalho/Dataset/Hangul Database/Hangul Database/eul/을_3_1.jpg,eul
/home/jovyan/privado/Trabalho/Dataset/Hangul Database/Hangul Database/hwa/화_6_3.jpg,hwa
/home/jovyan/privado/Trabalho/Dataset/Hangul Database/Hangul Database/seu/스_9_6.jpg,seu
/home/jovyan/privado/Trabalho/Dataset/Hangul Database/Hangul Database/gong/공_9_3.jpg,gong
/home/jovyan/privado/Trabalho/Dataset/Hangul Database/Hangul Database/geos/것_0_7.jpg,geos
/home/jovyan/privado/Trabalho/Dataset/Hangul Database/Hangul Database/bu/부_0_3.jpg,bu
/home/jovyan/privado/Trabalho/Dataset/Hangul Database/Hangul Database/jeong/정_5_8.jpg,jeong
/home/jovyan/privado/Trabalho/Dataset/Hangul Database/Hangul Database/jo/조_2_6.jpg,jo
/home/jovyan/privado/Trabalho/Dataset/Hangul Database/Hangul Database/choe/최_5_9.jpg,choe
/home/jovyan/privado/Trabalho/Dataset/Hangul Database/Hangul Database/iss/있_8_8.jpg,iss
/home/jovyan/privado/Trabalho/Dataset/Hangul Database/Hangul Database/eui/의_8_1.jpg,eui
/home/jovyan/privado/Trabalho/Dataset/Hangul Database/Hangul Database/eun/은_1_0.jpg,eun
/home/jovyan/privado/Trabalho/Dataset/Hangul Database/Hangul Database/so/소_2_3.jpg,so
/home/jovyan/privado/Trabalho/Dataset/Hangul Database/Hangul Database/dong/동_8_7.jpg,dong
/home/jovyan/privado/Trabalho/Dataset/Hangul Database/Hangul Database/si/시_2_9.jpg,si
/home/jovyan/privado/Trabalho/Dataset/Hangul Database/Hangul Database/bak/박_4_0.jpg,bak
/home/jovyan/privado/Trabalho/Dataset/Hangul Database/Hangul Database/wi/위_1_8.jpg,wi
/home/jovyan/privado/Trabalho/Dataset/Hangul Database/Hangul Database/a/아_8_6.jpg,a
/home/jovyan/privado/Trabalho/Dataset/Hangul Database/Hangul Database/hae/해_4_3.jpg,hae
/home/jovyan/privado/Trabalho/Dataset/Hangul Database/Hangul Database/ri/리_1_2.jpg,ri
/home/jovyan/privado/Trabalho/Dataset/Hangul Database/Hangul Database/go/고_5_0.jpg,go
/home/jovyan/privado/Trabalho/Dataset/Hangul Database/Hangul Database/iss/있_4_7.jpg,iss
/home/jovyan/privado/Trabalho/Dataset/Hangul Database/Hangul Database/geos/것_8_4.jpg,geos
/home/jovyan/privado/Trabalho/Dataset/Hangul Database/Hangul Database/eui/의_3_6.jpg,eui
/home/jovyan/privado/Trabalho/Dataset/Hangul Database/Hangul Database/yeon/연_8_0.jpg,yeon
/home/jovyan/privado/Trabalho/Dataset/Hangul Database/Hangul Database/choe/최_5_2.jpg,choe
/home/jovyan/privado/Trabalho/Dataset/Hangul Database/Hangul Database/gwa/과_1_6.jpg,gwa
/home/jovyan/privado/Trabalho/Dataset/Hangul Database/Hangul Database/hwa/화_9_6.jpg,hwa
/home/jovyan/privado/Trabalho/Dataset/Hangul Database/Hangul Database/dong/동_0_8.jpg,dong
/home/jovyan/privado/Trabalho/Dataset/Hangul Database/Hangul Database/so/소_1_8.jpg,so
/home/jovyan/privado/Trabalho/Dataset/Hangul Database/Hangul Database/gwa/과_3_3.jpg,gwa
/home/jovyan/privado/Trabalho/Dataset/Hangul Database/Hangul Database/e/에_8_0.jpg,e
/home/jovyan/privado/Trabalho/Dataset/Hangul Database/Hangul Database/seo/서_6_9.jpg,seo
/home/jovyan/privado/Trabalho/Dataset/Hangul Database/Hangul Database/ri/리_9_7.jpg,ri
/home/jovyan/privado/Trabalho/Dataset/Hangul Database/Hangul Database/eun/은_4_9.jpg,eun
/home/jovyan/privado/Trabalho/Dataset/Hangul Database/Hangul Database/ja/자_2_6.jpg,ja
/home/jovyan/privado/Trabalho/Dataset/Hangul Database/Hangul Database/deul/들_0_5.jpg,deul
/home/jovyan/privado/Trabalho/Dataset/Hangul Database/Hangul Database/il/일_6_9.jpg,il
/home/jovyan/privado/Trabalho/Dataset/Hangul Database/Hangul Database/seong/성_2_5.jpg,seong
/home/jovyan/privado/Trabalho/Dataset/Hangul Database/Hangul Database/sa/사_9_9.jpg,sa
/home/jovyan/privado/Trabalho/Dataset/Hangul Database/Hangul Database/jeon/전_9_7.jpg,jeon
/home/jovyan/privado/Trabalho/Dataset/Hangul Database/Hangul Database/jo/조_2_9.jpg,jo
/home/jovyan/privado/Trabalho/Dataset/Hangul Database/Hangul Database/choe/최_2_9.jpg,choe
/home/jovyan/privado/Trabalho/Dataset/Hangul Database/Hangul Database/jeong/정_1_5.jpg,jeong
/home/jovyan/privado/Trabalho/Dataset/Hangul Database/Hangul Database/gim/김_8_4.jpg,gim
/home/jovyan/privado/Trabalho/Dataset/Hangul Database/Hangul Database/eu/으_9_1.jpg,eu
/home/jovyan/privado/Trabalho/Dataset/Hangul Database/Hangul Database/geu/그_9_7.jpg,geu
/home/jovyan/privado/Trabalho/Dataset/Hangul Database/Hangul Database/i/이_1_1.jpg,i
/home/jovyan/privado/Trabalho/Dataset/Hangul Database/Hangul Database/jang/장_9_1.jpg,jang
/home/jovyan/privado/Trabalho/Dataset/Hangul Database/Hangul Database/ja/자_1_2.jpg,ja
/home/jovyan/privado/Trabalho/Dataset/Hangul Database/Hangul Database/won/원_4_9.jpg,won
/home/jovyan/privado/Trabalho/Dataset/Hangul Database/Hangul Database/ro/로_1_2.jpg,ro
/home/jovyan/privado/Trabalho/Dataset/Hangul Database/Hangul Database/do/도_8_1.jpg,do
/home/jovyan/privado/Trabalho/Dataset/Hangul Database/Hangul Database/guk/국_3_7.jpg,guk
/home/jovyan/privado/Trabalho/Dataset/Hangul Database/Hangul Database/bo/보_3_1.jpg,bo
/home/jovyan/privado/Trabalho/Dataset/Hangul Database/Hangul Database/go/고_9_6.jpg,go
/home/jovyan/privado/Trabalho/Dataset/Hangul Database/Hangul Database/seu/스_6_9.jpg,seu
/home/jovyan/privado/Trabalho/Dataset/Hangul Database/Hangul Database/jeok/적_8_1.jpg,jeok
/home/jovyan/privado/Trabalho/Dataset/Hangul Database/Hangul Database/ra/라_1_2.jpg,ra
/home/jovyan/privado/Trabalho/Dataset/Hangul Database/Hangul Database/jang/장_8_3.jpg,jang
/home/jovyan/privado/Trabalho/Dataset/Hangul Database/Hangul Database/yeo/여_3_7.jpg,yeo
/home/jovyan/privado/Trabalho/Dataset/Hangul Database/Hangul Database/geos/것_7_0.jpg,geos
/home/jovyan/privado/Trabalho/Dataset/Hangul Database/Hangul Database/gyeong/경_0_2.jpg,gyeong
/home/jovyan/privado/Trabalho/Dataset/Hangul Database/Hangul Database/ga/가_3_0.jpg,ga
/home/jovyan/privado/Trabalho/Dataset/Hangul Database/Hangul Database/hae/해_3_1.jpg,hae
/home/jovyan/privado/Trabalho/Dataset/Hangul Database/Hangul Database/il/일_1_5.jpg,il
/home/jovyan/privado/Trabalho/Dataset/Hangul Database/Hangul Database/da/다_2_8.jpg,da
/home/jovyan/privado/Trabalho/Dataset/Hangul Database/Hangul Database/e/에_3_1.jpg,e
/home/jovyan/privado/Trabalho/Dataset/Hangul Database/Hangul Database/jeon/전_1_7.jpg,jeon
/home/jovyan/privado/Trabalho/Dataset/Hangul Database/Hangul Database/gyeong/경_2_1.jpg,gyeong
/home/jovyan/privado/Trabalho/Dataset/Hangul Database/Hangul Database/ha/하_5_6.jpg,ha
/home/jovyan/privado/Trabalho/Dataset/Hangul Database/Hangul Database/eun/은_8_7.jpg,eun
/home/jovyan/privado/Trabalho/Dataset/Hangul Database/Hangul Database/ja/자_9_6.jpg,ja
/home/jovyan/privado/Trabalho/Dataset/Hangul Database/Hangul Database/i/이_6_1.jpg,i
/home/jovyan/privado/Trabalho/Dataset/Hangul Database/Hangul Database/su/수_9_6.jpg,su
/home/jovyan/privado/Trabalho/Dataset/Hangul Database/Hangul Database/hae/해_3_9.jpg,hae
/home/jovyan/privado/Trabalho/Dataset/Hangul Database/Hangul Database/dong/동_5_8.jpg,dong
/home/jovyan/privado/Trabalho/Dataset/Hangul Database/Hangul Database/eui/의_7_5.jpg,eui
/home/jovyan/privado/Trabalho/Dataset/Hangul Database/Hangul Database/eo/어_5_0.jpg,eo
/home/jovyan/privado/Trabalho/Dataset/Hangul Database/Hangul Database/bu/부_3_7.jpg,bu
/home/jovyan/privado/Trabalho/Dataset/Hangul Database/Hangul Database/bu/부_7_5.jpg,bu
/home/jovyan/privado/Trabalho/Dataset/Hangul Database/Hangul Database/reul/를_7_3.jpg,reul
/home/jovyan/privado/Trabalho/Dataset/Hangul Database/Hangul Database/jeok/적_4_9.jpg,jeok
/home/jovyan/privado/Trabalho/Dataset/Hangul Database/Hangul Database/bu/부_6_0.jpg,bu
/home/jovyan/privado/Trabalho/Dataset/Hangul Database/Hangul Database/sang/상_3_1.jpg,sang
/home/jovyan/privado/Trabalho/Dataset/Hangul Database/Hangul Database/yong/용_8_6.jpg,yong
/home/jovyan/privado/Trabalho/Dataset/Hangul Database/Hangul Database/seo/서_6_7.jpg,seo
/home/jovyan/privado/Trabalho/Dataset/Hangul Database/Hangul Database/yeon/연_3_5.jpg,yeon
/home/jovyan/privado/Trabalho/Dataset/Hangul Database/Hangul Database/bak/박_1_1.jpg,bak
/home/jovyan/privado/Trabalho/Dataset/Hangul Database/Hangul Database/ji/지_2_6.jpg,ji
/home/jovyan/privado/Trabalho/Dataset/Hangul Database/Hangul Database/geu/그_9_5.jpg,geu
/home/jovyan/privado/Trabalho/Dataset/Hangul Database/Hangul Database/deul/들_5_4.jpg,deul
/home/jovyan/privado/Trabalho/Dataset/Hangul Database/Hangul Database/je/제_0_7.jpg,je
/home/jovyan/privado/Trabalho/Dataset/Hangul Database/Hangul Database/guk/국_0_3.jpg,guk
/home/jovyan/privado/Trabalho/Dataset/Hangul Database/Hangul Database/gwa/과_7_5.jpg,gwa
/home/jovyan/privado/Trabalho/Dataset/Hangul Database/Hangul Database/eo/어_1_0.jpg,eo
/home/jovyan/privado/Trabalho/Dataset/Hangul Database/Hangul Database/gwa/과_8_2.jpg,gwa
/home/jovyan/privado/Trabalho/Dataset/Hangul Database/Hangul Database/han/한_8_2.jpg,han
/home/jovyan/privado/Trabalho/Dataset/Hangul Database/Hangul Database/ri/리_2_7.jpg,ri
/home/jovyan/privado/Trabalho/Dataset/Hangul Database/Hangul Database/bo/보_3_7.jpg,bo
/home/jovyan/privado/Trabalho/Dataset/Hangul Database/Hangul Database/ro/로_2_3.jpg,ro
/home/jovyan/privado/Trabalho/Dataset/Hangul Database/Hangul Database/si/시_4_2.jpg,si
/home/jovyan/privado/Trabalho/Dataset/Hangul Database/Hangul Database/ga/가_6_3.jpg,ga
/home/jovyan/privado/Trabalho/Dataset/Hangul Database/Hangul Database/seong/성_0_4.jpg,seong
/home/jovyan/privado/Trabalho/Dataset/Hangul Database/Hangul Database/jeong/정_3_8.jpg,jeong
/home/jovyan/privado/Trabalho/Dataset/Hangul Database/Hangul Database/na/나_9_7.jpg,na
/home/jovyan/privado/Trabalho/Dataset/Hangul Database/Hangul Database/deul/들_9_8.jpg,deul
/home/jovyan/privado/Trabalho/Dataset/Hangul Database/Hangul Database/gu/구_3_7.jpg,gu
/home/jovyan/privado/Trabalho/Dataset/Hangul Database/Hangul Database/geos/것_5_9.jpg,geos
/home/jovyan/privado/Trabalho/Dataset/Hangul Database/Hangul Database/si/시_1_3.jpg,si
/home/jovyan/privado/Trabalho/Dataset/Hangul Database/Hangul Database/gu/구_1_3.jpg,gu
/home/jovyan/privado/Trabalho/Dataset/Hangul Database/Hangul Database/ji/지_9_4.jpg,ji
/home/jovyan/privado/Trabalho/Dataset/Hangul Database/Hangul Database/su/수_9_0.jpg,su
/home/jovyan/privado/Trabalho/Dataset/Hangul Database/Hangul Database/ro/로_5_4.jpg,ro
/home/jovyan/privado/Trabalho/Dataset/Hangul Database/Hangul Database/sang/상_8_5.jpg,sang
/home/jovyan/privado/Trabalho/Dataset/Hangul Database/Hangul Database/su/수_1_7.jpg,su
/home/jovyan/privado/Trabalho/Dataset/Hangul Database/Hangul Database/dong/동_3_2.jpg,dong
/home/jovyan/privado/Trabalho/Dataset/Hangul Database/Hangul Database/sa/사_9_7.jpg,sa
/home/jovyan/privado/Trabalho/Dataset/Hangul Database/Hangul Database/ra/라_9_1.jpg,ra
/home/jovyan/privado/Trabalho/Dataset/Hangul Database/Hangul Database/iss/있_3_4.jpg,iss
/home/jovyan/privado/Trabalho/Dataset/Hangul Database/Hangul Database/ro/로_5_9.jpg,ro
/home/jovyan/privado/Trabalho/Dataset/Hangul Database/Hangul Database/jang/장_8_4.jpg,jang
/home/jovyan/privado/Trabalho/Dataset/Hangul Database/Hangul Database/guk/국_0_9.jpg,guk
/home/jovyan/privado/Trabalho/Dataset/Hangul Database/Hangul Database/neun/는_9_6.jpg,neun
/home/jovyan/privado/Trabalho/Dataset/Hangul Database/Hangul Database/hwa/화_4_0.jpg,hwa
/home/jovyan/privado/Trabalho/Dataset/Hangul Database/Hangul Database/dong/동_0_2.jpg,dong
/home/jovyan/privado/Trabalho/Dataset/Hangul Database/Hangul Database/jeong/정_6_1.jpg,jeong
/home/jovyan/privado/Trabalho/Dataset/Hangul Database/Hangul Database/bu/부_2_3.jpg,bu
/home/jovyan/privado/Trabalho/Dataset/Hangul Database/Hangul Database/gye/계_9_8.jpg,gye
/home/jovyan/privado/Trabalho/Dataset/Hangul Database/Hangul Database/do/도_7_9.jpg,do
/home/jovyan/privado/Trabalho/Dataset/Hangul Database/Hangul Database/sang/상_9_2.jpg,sang
/home/jovyan/privado/Trabalho/Dataset/Hangul Database/Hangul Database/ju/주_6_0.jpg,ju
/home/jovyan/privado/Trabalho/Dataset/Hangul Database/Hangul Database/gyeong/경_9_5.jpg,gyeong
/home/jovyan/privado/Trabalho/Dataset/Hangul Database/Hangul Database/sa/사_0_3.jpg,sa
/home/jovyan/privado/Trabalho/Dataset/Hangul Database/Hangul Database/jo/조_2_8.jpg,jo
/home/jovyan/privado/Trabalho/Dataset/Hangul Database/Hangul Database/seo/서_3_7.jpg,seo
/home/jovyan/privado/Trabalho/Dataset/Hangul Database/Hangul Database/il/일_7_2.jpg,il
/home/jovyan/privado/Trabalho/Dataset/Hangul Database/Hangul Database/go/고_4_6.jpg,go
/home/jovyan/privado/Trabalho/Dataset/Hangul Database/Hangul Database/gong/공_2_4.jpg,gong
/home/jovyan/privado/Trabalho/Dataset/Hangul Database/Hangul Database/bo/보_9_1.jpg,bo
/home/jovyan/privado/Trabalho/Dataset/Hangul Database/Hangul Database/gi/가_6_5.jpg,gi
/home/jovyan/privado/Trabalho/Dataset/Hangul Database/Hangul Database/neun/는_9_0.jpg,neun
/home/jovyan/privado/Trabalho/Dataset/Hangul Database/Hangul Database/ji/지_4_2.jpg,ji
/home/jovyan/privado/Trabalho/Dataset/Hangul Database/Hangul Database/reul/를_6_6.jpg,reul
/home/jovyan/privado/Trabalho/Dataset/Hangul Database/Hangul Database/sang/상_9_6.jpg,sang
/home/jovyan/privado/Trabalho/Dataset/Hangul Database/Hangul Database/e/에_1_4.jpg,e
/home/jovyan/privado/Trabalho/Dataset/Hangul Database/Hangul Database/eul/을_7_1.jpg,eul
/home/jovyan/privado/Trabalho/Dataset/Hangul Database/Hangul Database/ra/라_7_5.jpg,ra
/home/jovyan/privado/Trabalho/Dataset/Hangul Database/Hangul Database/hae/해_1_3.jpg,hae
/home/jovyan/privado/Trabalho/Dataset/Hangul Database/Hangul Database/go/고_7_9.jpg,go
/home/jovyan/privado/Trabalho/Dataset/Hangul Database/Hangul Database/da/다_3_3.jpg,da
/home/jovyan/privado/Trabalho/Dataset/Hangul Database/Hangul Database/a/아_8_4.jpg,a
/home/jovyan/privado/Trabalho/Dataset/Hangul Database/Hangul Database/geos/것_1_1.jpg,geos
/home/jovyan/privado/Trabalho/Dataset/Hangul Database/Hangul Database/jeong/정_7_6.jpg,jeong
/home/jovyan/privado/Trabalho/Dataset/Hangul Database/Hangul Database/gi/가_3_6.jpg,gi
/home/jovyan/privado/Trabalho/Dataset/Hangul Database/Hangul Database/ra/라_0_7.jpg,ra
/home/jovyan/privado/Trabalho/Dataset/Hangul Database/Hangul Database/ra/라_5_8.jpg,ra
/home/jovyan/privado/Trabalho/Dataset/Hangul Database/Hangul Database/gyeong/경_6_2.jpg,gyeong
/home/jovyan/privado/Trabalho/Dataset/Hangul Database/Hangul Database/hwa/화_9_7.jpg,hwa
/home/jovyan/privado/Trabalho/Dataset/Hangul Database/Hangul Database/reul/를_3_0.jpg,reul
/home/jovyan/privado/Trabalho/Dataset/Hangul Database/Hangul Database/su/수_4_4.jpg,su
/home/jovyan/privado/Trabalho/Dataset/Hangul Database/Hangul Database/da/다_6_7.jpg,da
/home/jovyan/privado/Trabalho/Dataset/Hangul Database/Hangul Database/choe/최_4_6.jpg,choe
/home/jovyan/privado/Trabalho/Dataset/Hangul Database/Hangul Database/jeon/전_5_2.jpg,jeon
/home/jovyan/privado/Trabalho/Dataset/Hangul Database/Hangul Database/yong/용_4_6.jpg,yong
/home/jovyan/privado/Trabalho/Dataset/Hangul Database/Hangul Database/yeon/연_5_8.jpg,yeon
/home/jovyan/privado/Trabalho/Dataset/Hangul Database/Hangul Database/gong/공_2_3.jpg,gong
/home/jovyan/privado/Trabalho/Dataset/Hangul Database/Hangul Database/guk/국_0_4.jpg,guk
/home/jovyan/privado/Trabalho/Dataset/Hangul Database/Hangul Database/geu/그_4_0.jpg,geu
/home/jovyan/privado/Trabalho/Dataset/Hangul Database/Hangul Database/gye/계_1_1.jpg,gye
/home/jovyan/privado/Trabalho/Dataset/Hangul Database/Hangul Database/seong/성_1_9.jpg,seong
/home/jovyan/privado/Trabalho/Dataset/Hangul Database/Hangul Database/i/이_9_9.jpg,i
/home/jovyan/privado/Trabalho/Dataset/Hangul Database/Hangul Database/han/한_2_5.jpg,han
/home/jovyan/privado/Trabalho/Dataset/Hangul Database/Hangul Database/bak/박_0_4.jpg,bak
/home/jovyan/privado/Trabalho/Dataset/Hangul Database/Hangul Database/jeon/전_2_5.jpg,jeon
/home/jovyan/privado/Trabalho/Dataset/Hangul Database/Hangul Database/i/이_9_4.jpg,i
/home/jovyan/privado/Trabalho/Dataset/Hangul Database/Hangul Database/won/원_6_6.jpg,won
/home/jovyan/privado/Trabalho/Dataset/Hangul Database/Hangul Database/ro/로_9_6.jpg,ro
/home/jovyan/privado/Trabalho/Dataset/Hangul Database/Hangul Database/jeon/전_4_0.jpg,jeon
/home/jovyan/privado/Trabalho/Dataset/Hangul Database/Hangul Database/go/고_7_5.jpg,go
/home/jovyan/privado/Trabalho/Dataset/Hangul Database/Hangul Database/i/이_8_9.jpg,i
/home/jovyan/privado/Trabalho/Dataset/Hangul Database/Hangul Database/seo/서_0_0.jpg,seo
/home/jovyan/privado/Trabalho/Dataset/Hangul Database/Hangul Database/wi/위_5_2.jpg,wi
/home/jovyan/privado/Trabalho/Dataset/Hangul Database/Hangul Database/ji/지_6_3.jpg,ji
/home/jovyan/privado/Trabalho/Dataset/Hangul Database/Hangul Database/da/다_7_2.jpg,da
/home/jovyan/privado/Trabalho/Dataset/Hangul Database/Hangul Database/neun/는_7_0.jpg,neun
/home/jovyan/privado/Trabalho/Dataset/Hangul Database/Hangul Database/je/제_4_1.jpg,je
/home/jovyan/privado/Trabalho/Dataset/Hangul Database/Hangul Database/je/제_3_2.jpg,je
/home/jovyan/privado/Trabalho/Dataset/Hangul Database/Hangul Database/eul/을_4_7.jpg,eul
/home/jovyan/privado/Trabalho/Dataset/Hangul Database/Hangul Database/jeon/전_6_7.jpg,jeon
/home/jovyan/privado/Trabalho/Dataset/Hangul Database/Hangul Database/yeon/연_8_8.jpg,yeon
/home/jovyan/privado/Trabalho/Dataset/Hangul Database/Hangul Database/choe/최_9_1.jpg,choe
/home/jovyan/privado/Trabalho/Dataset/Hangul Database/Hangul Database/gim/김_3_7.jpg,gim
/home/jovyan/privado/Trabalho/Dataset/Hangul Database/Hangul Database/bu/부_4_8.jpg,bu
/home/jovyan/privado/Trabalho/Dataset/Hangul Database/Hangul Database/yong/용_7_6.jpg,yong
/home/jovyan/privado/Trabalho/Dataset/Hangul Database/Hangul Database/seu/스_0_3.jpg,seu
/home/jovyan/privado/Trabalho/Dataset/Hangul Database/Hangul Database/neun/는_1_6.jpg,neun
/home/jovyan/privado/Trabalho/Dataset/Hangul Database/Hangul Database/gong/공_9_1.jpg,gong
/home/jovyan/privado/Trabalho/Dataset/Hangul Database/Hangul Database/won/원_8_5.jpg,won
/home/jovyan/privado/Trabalho/Dataset/Hangul Database/Hangul Database/reul/를_9_8.jpg,reul
/home/jovyan/privado/Trabalho/Dataset/Hangul Database/Hangul Database/iss/있_6_2.jpg,iss
/home/jovyan/privado/Trabalho/Dataset/Hangul Database/Hangul Database/ri/리_1_1.jpg,ri
/home/jovyan/privado/Trabalho/Dataset/Hangul Database/Hangul Database/deul/들_8_2.jpg,deul
/home/jovyan/privado/Trabalho/Dataset/Hangul Database/Hangul Database/gyeong/경_2_9.jpg,gyeong
/home/jovyan/privado/Trabalho/Dataset/Hangul Database/Hangul Database/ju/주_4_7.jpg,ju
/home/jovyan/privado/Trabalho/Dataset/Hangul Database/Hangul Database/eul/을_1_4.jpg,eul
/home/jovyan/privado/Trabalho/Dataset/Hangul Database/Hangul Database/neun/는_3_1.jpg,neun
/home/jovyan/privado/Trabalho/Dataset/Hangul Database/Hangul Database/gim/김_3_3.jpg,gim
/home/jovyan/privado/Trabalho/Dataset/Hangul Database/Hangul Database/eu/으_0_2.jpg,eu
/home/jovyan/privado/Trabalho/Dataset/Hangul Database/Hangul Database/eo/어_4_6.jpg,eo
/home/jovyan/privado/Trabalho/Dataset/Hangul Database/Hangul Database/wi/위_7_7.jpg,wi
/home/jovyan/privado/Trabalho/Dataset/Hangul Database/Hangul Database/sa/사_9_2.jpg,sa
/home/jovyan/privado/Trabalho/Dataset/Hangul Database/Hangul Database/in/인_1_4.jpg,in
/home/jovyan/privado/Trabalho/Dataset/Hangul Database/Hangul Database/gu/구_6_7.jpg,gu
/home/jovyan/privado/Trabalho/Dataset/Hangul Database/Hangul Database/seong/성_9_3.jpg,seong
/home/jovyan/privado/Trabalho/Dataset/Hangul Database/Hangul Database/do/도_9_4.jpg,do
/home/jovyan/privado/Trabalho/Dataset/Hangul Database/Hangul Database/gong/공_8_0.jpg,gong
/home/jovyan/privado/Trabalho/Dataset/Hangul Database/Hangul Database/a/아_3_2.jpg,a
/home/jovyan/privado/Trabalho/Dataset/Hangul Database/Hangul Database/ro/로_1_0.jpg,ro
/home/jovyan/privado/Trabalho/Dataset/Hangul Database/Hangul Database/gong/공_5_9.jpg,gong
/home/jovyan/privado/Trabalho/Dataset/Hangul Database/Hangul Database/gim/김_4_2.jpg,gim
/home/jovyan/privado/Trabalho/Dataset/Hangul Database/Hangul Database/ji/지_3_9.jpg,ji
/home/jovyan/privado/Trabalho/Dataset/Hangul Database/Hangul Database/gwa/과_5_8.jpg,gwa
/home/jovyan/privado/Trabalho/Dataset/Hangul Database/Hangul Database/e/에_3_9.jpg,e
/home/jovyan/privado/Trabalho/Dataset/Hangul Database/Hangul Database/gi/가_5_5.jpg,gi
/home/jovyan/privado/Trabalho/Dataset/Hangul Database/Hangul Database/su/수_9_3.jpg,su
/home/jovyan/privado/Trabalho/Dataset/Hangul Database/Hangul Database/eo/어_5_4.jpg,eo
/home/jovyan/privado/Trabalho/Dataset/Hangul Database/Hangul Database/ha/하_3_5.jpg,ha
/home/jovyan/privado/Trabalho/Dataset/Hangul Database/Hangul Database/yeo/여_0_6.jpg,yeo
/home/jovyan/privado/Trabalho/Dataset/Hangul Database/Hangul Database/eu/으_6_4.jpg,eu
/home/jovyan/privado/Trabalho/Dataset/Hangul Database/Hangul Database/so/소_8_2.jpg,so
/home/jovyan/privado/Trabalho/Dataset/Hangul Database/Hangul Database/bo/보_0_0.jpg,bo
/home/jovyan/privado/Trabalho/Dataset/Hangul Database/Hangul Database/eu/으_0_9.jpg,eu
/home/jovyan/privado/Trabalho/Dataset/Hangul Database/Hangul Database/gim/김_6_7.jpg,gim
/home/jovyan/privado/Trabalho/Dataset/Hangul Database/Hangul Database/eul/을_9_8.jpg,eul
/home/jovyan/privado/Trabalho/Dataset/Hangul Database/Hangul Database/do/도_0_3.jpg,do
/home/jovyan/privado/Trabalho/Dataset/Hangul Database/Hangul Database/neun/는_7_9.jpg,neun
/home/jovyan/privado/Trabalho/Dataset/Hangul Database/Hangul Database/eul/을_8_6.jpg,eul
/home/jovyan/privado/Trabalho/Dataset/Hangul Database/Hangul Database/wi/위_1_9.jpg,wi
/home/jovyan/privado/Trabalho/Dataset/Hangul Database/Hangul Database/seong/성_3_3.jpg,seong
/home/jovyan/privado/Trabalho/Dataset/Hangul Database/Hangul Database/i/이_0_7.jpg,i
/home/jovyan/privado/Trabalho/Dataset/Hangul Database/Hangul Database/seu/스_1_6.jpg,seu
/home/jovyan/privado/Trabalho/Dataset/Hangul Database/Hangul Database/yong/용_2_4.jpg,yong
/home/jovyan/privado/Trabalho/Dataset/Hangul Database/Hangul Database/won/원_4_4.jpg,won
/home/jovyan/privado/Trabalho/Dataset/Hangul Database/Hangul Database/e/에_5_9.jpg,e
/home/jovyan/privado/Trabalho/Dataset/Hangul Database/Hangul Database/seong/성_1_4.jpg,seong
/home/jovyan/privado/Trabalho/Dataset/Hangul Database/Hangul Database/i/이_5_5.jpg,i
/home/jovyan/privado/Trabalho/Dataset/Hangul Database/Hangul Database/eui/의_1_6.jpg,eui
/home/jovyan/privado/Trabalho/Dataset/Hangul Database/Hangul Database/seo/서_5_4.jpg,seo
/home/jovyan/privado/Trabalho/Dataset/Hangul Database/Hangul Database/deul/들_5_8.jpg,deul
/home/jovyan/privado/Trabalho/Dataset/Hangul Database/Hangul Database/a/아_2_0.jpg,a
/home/jovyan/privado/Trabalho/Dataset/Hangul Database/Hangul Database/geu/그_6_1.jpg,geu
/home/jovyan/privado/Trabalho/Dataset/Hangul Database/Hangul Database/bak/박_4_6.jpg,bak
/home/jovyan/privado/Trabalho/Dataset/Hangul Database/Hangul Database/ro/로_3_9.jpg,ro
/home/jovyan/privado/Trabalho/Dataset/Hangul Database/Hangul Database/in/인_3_4.jpg,in
/home/jovyan/privado/Trabalho/Dataset/Hangul Database/Hangul Database/ji/지_5_6.jpg,ji
/home/jovyan/privado/Trabalho/Dataset/Hangul Database/Hangul Database/ro/로_0_3.jpg,ro
/home/jovyan/privado/Trabalho/Dataset/Hangul Database/Hangul Database/si/시_4_5.jpg,si
/home/jovyan/privado/Trabalho/Dataset/Hangul Database/Hangul Database/jeong/정_5_7.jpg,jeong
/home/jovyan/privado/Trabalho/Dataset/Hangul Database/Hangul Database/guk/국_7_2.jpg,guk
/home/jovyan/privado/Trabalho/Dataset/Hangul Database/Hangul Database/e/에_2_9.jpg,e
/home/jovyan/privado/Trabalho/Dataset/Hangul Database/Hangul Database/jang/장_2_7.jpg,jang
/home/jovyan/privado/Trabalho/Dataset/Hangul Database/Hangul Database/ji/지_0_3.jpg,ji
/home/jovyan/privado/Trabalho/Dataset/Hangul Database/Hangul Database/il/일_3_9.jpg,il
/home/jovyan/privado/Trabalho/Dataset/Hangul Database/Hangul Database/su/수_8_9.jpg,su
/home/jovyan/privado/Trabalho/Dataset/Hangul Database/Hangul Database/e/에_3_4.jpg,e
/home/jovyan/privado/Trabalho/Dataset/Hangul Database/Hangul Database/eui/의_4_5.jpg,eui
/home/jovyan/privado/Trabalho/Dataset/Hangul Database/Hangul Database/na/나_2_9.jpg,na
/home/jovyan/privado/Trabalho/Dataset/Hangul Database/Hangul Database/deul/들_6_4.jpg,deul
/home/jovyan/privado/Trabalho/Dataset/Hangul Database/Hangul Database/do/도_2_0.jpg,do
/home/jovyan/privado/Trabalho/Dataset/Hangul Database/Hangul Database/geu/그_7_5.jpg,geu
/home/jovyan/privado/Trabalho/Dataset/Hangul Database/Hangul Database/je/제_3_1.jpg,je
/home/jovyan/privado/Trabalho/Dataset/Hangul Database/Hangul Database/gim/김_5_1.jpg,gim
/home/jovyan/privado/Trabalho/Dataset/Hangul Database/Hangul Database/in/인_9_0.jpg,in
/home/jovyan/privado/Trabalho/Dataset/Hangul Database/Hangul Database/na/나_5_7.jpg,na
/home/jovyan/privado/Trabalho/Dataset/Hangul Database/Hangul Database/geu/그_9_0.jpg,geu
/home/jovyan/privado/Trabalho/Dataset/Hangul Database/Hangul Database/do/도_6_0.jpg,do
/home/jovyan/privado/Trabalho/Dataset/Hangul Database/Hangul Database/geos/것_2_6.jpg,geos
/home/jovyan/privado/Trabalho/Dataset/Hangul Database/Hangul Database/guk/국_9_7.jpg,guk
/home/jovyan/privado/Trabalho/Dataset/Hangul Database/Hangul Database/jeon/전_7_7.jpg,jeon
/home/jovyan/privado/Trabalho/Dataset/Hangul Database/Hangul Database/wi/위_5_0.jpg,wi
/home/jovyan/privado/Trabalho/Dataset/Hangul Database/Hangul Database/geos/것_9_4.jpg,geos
/home/jovyan/privado/Trabalho/Dataset/Hangul Database/Hangul Database/jeong/정_8_6.jpg,jeong
/home/jovyan/privado/Trabalho/Dataset/Hangul Database/Hangul Database/ra/라_5_7.jpg,ra
/home/jovyan/privado/Trabalho/Dataset/Hangul Database/Hangul Database/a/아_2_1.jpg,a
/home/jovyan/privado/Trabalho/Dataset/Hangul Database/Hangul Database/yeon/연_8_5.jpg,yeon
/home/jovyan/privado/Trabalho/Dataset/Hangul Database/Hangul Database/gi/가_8_7.jpg,gi
/home/jovyan/privado/Trabalho/Dataset/Hangul Database/Hangul Database/gim/김_8_6.jpg,gim
/home/jovyan/privado/Trabalho/Dataset/Hangul Database/Hangul Database/seu/스_8_3.jpg,seu
/home/jovyan/privado/Trabalho/Dataset/Hangul Database/Hangul Database/na/나_4_5.jpg,na
/home/jovyan/privado/Trabalho/Dataset/Hangul Database/Hangul Database/han/한_2_4.jpg,han
/home/jovyan/privado/Trabalho/Dataset/Hangul Database/Hangul Database/ha/하_1_3.jpg,ha
/home/jovyan/privado/Trabalho/Dataset/Hangul Database/Hangul Database/hae/해_9_2.jpg,hae
/home/jovyan/privado/Trabalho/Dataset/Hangul Database/Hangul Database/geos/것_3_3.jpg,geos
/home/jovyan/privado/Trabalho/Dataset/Hangul Database/Hangul Database/eun/은_8_5.jpg,eun
/home/jovyan/privado/Trabalho/Dataset/Hangul Database/Hangul Database/e/에_2_4.jpg,e
/home/jovyan/privado/Trabalho/Dataset/Hangul Database/Hangul Database/choe/최_0_5.jpg,choe
/home/jovyan/privado/Trabalho/Dataset/Hangul Database/Hangul Database/bak/박_7_2.jpg,bak
/home/jovyan/privado/Trabalho/Dataset/Hangul Database/Hangul Database/dong/동_8_5.jpg,dong
/home/jovyan/privado/Trabalho/Dataset/Hangul Database/Hangul Database/ri/리_7_4.jpg,ri
/home/jovyan/privado/Trabalho/Dataset/Hangul Database/Hangul Database/do/도_4_1.jpg,do
/home/jovyan/privado/Trabalho/Dataset/Hangul Database/Hangul Database/si/시_0_6.jpg,si
/home/jovyan/privado/Trabalho/Dataset/Hangul Database/Hangul Database/eun/은_6_1.jpg,eun
/home/jovyan/privado/Trabalho/Dataset/Hangul Database/Hangul Database/il/일_3_4.jpg,il
/home/jovyan/privado/Trabalho/Dataset/Hangul Database/Hangul Database/so/소_9_8.jpg,so
/home/jovyan/privado/Trabalho/Dataset/Hangul Database/Hangul Database/jeong/정_2_0.jpg,jeong
/home/jovyan/privado/Trabalho/Dataset/Hangul Database/Hangul Database/gwa/과_4_8.jpg,gwa
/home/jovyan/privado/Trabalho/Dataset/Hangul Database/Hangul Database/il/일_8_5.jpg,il
/home/jovyan/privado/Trabalho/Dataset/Hangul Database/Hangul Database/so/소_8_4.jpg,so
/home/jovyan/privado/Trabalho/Dataset/Hangul Database/Hangul Database/so/소_0_3.jpg,so
/home/jovyan/privado/Trabalho/Dataset/Hangul Database/Hangul Database/gi/가_2_7.jpg,gi
/home/jovyan/privado/Trabalho/Dataset/Hangul Database/Hangul Database/guk/국_3_3.jpg,guk
/home/jovyan/privado/Trabalho/Dataset/Hangul Database/Hangul Database/wi/위_4_1.jpg,wi
/home/jovyan/privado/Trabalho/Dataset/Hangul Database/Hangul Database/gong/공_1_8.jpg,gong
/home/jovyan/privado/Trabalho/Dataset/Hangul Database/Hangul Database/iss/있_0_6.jpg,iss
/home/jovyan/privado/Trabalho/Dataset/Hangul Database/Hangul Database/gi/가_9_8.jpg,gi
/home/jovyan/privado/Trabalho/Dataset/Hangul Database/Hangul Database/jeok/적_3_2.jpg,jeok
/home/jovyan/privado/Trabalho/Dataset/Hangul Database/Hangul Database/hwa/화_2_7.jpg,hwa
/home/jovyan/privado/Trabalho/Dataset/Hangul Database/Hangul Database/ro/로_8_7.jpg,ro
/home/jovyan/privado/Trabalho/Dataset/Hangul Database/Hangul Database/dae/대_1_2.jpg,dae
/home/jovyan/privado/Trabalho/Dataset/Hangul Database/Hangul Database/in/인_8_7.jpg,in
/home/jovyan/privado/Trabalho/Dataset/Hangul Database/Hangul Database/ri/리_0_2.jpg,ri
/home/jovyan/privado/Trabalho/Dataset/Hangul Database/Hangul Database/bak/박_4_7.jpg,bak
/home/jovyan/privado/Trabalho/Dataset/Hangul Database/Hangul Database/ja/자_6_4.jpg,ja
/home/jovyan/privado/Trabalho/Dataset/Hangul Database/Hangul Database/iss/있_3_7.jpg,iss
/home/jovyan/privado/Trabalho/Dataset/Hangul Database/Hangul Database/eun/은_7_1.jpg,eun
/home/jovyan/privado/Trabalho/Dataset/Hangul Database/Hangul Database/seong/성_5_8.jpg,seong
/home/jovyan/privado/Trabalho/Dataset/Hangul Database/Hangul Database/geos/것_9_8.jpg,geos
/home/jovyan/privado/Trabalho/Dataset/Hangul Database/Hangul Database/ji/지_4_3.jpg,ji
/home/jovyan/privado/Trabalho/Dataset/Hangul Database/Hangul Database/ga/가_4_5.jpg,ga
/home/jovyan/privado/Trabalho/Dataset/Hangul Database/Hangul Database/eu/으_8_2.jpg,eu
/home/jovyan/privado/Trabalho/Dataset/Hangul Database/Hangul Database/guk/국_7_8.jpg,guk
/home/jovyan/privado/Trabalho/Dataset/Hangul Database/Hangul Database/seong/성_1_6.jpg,seong
/home/jovyan/privado/Trabalho/Dataset/Hangul Database/Hangul Database/gi/가_0_4.jpg,gi
/home/jovyan/privado/Trabalho/Dataset/Hangul Database/Hangul Database/so/소_9_5.jpg,so
/home/jovyan/privado/Trabalho/Dataset/Hangul Database/Hangul Database/gyeong/경_3_0.jpg,gyeong
/home/jovyan/privado/Trabalho/Dataset/Hangul Database/Hangul Database/gong/공_7_7.jpg,gong
/home/jovyan/privado/Trabalho/Dataset/Hangul Database/Hangul Database/je/제_5_8.jpg,je
/home/jovyan/privado/Trabalho/Dataset/Hangul Database/Hangul Database/yeon/연_7_7.jpg,yeon
/home/jovyan/privado/Trabalho/Dataset/Hangul Database/Hangul Database/in/인_4_8.jpg,in
/home/jovyan/privado/Trabalho/Dataset/Hangul Database/Hangul Database/yeon/연_8_2.jpg,yeon
/home/jovyan/privado/Trabalho/Dataset/Hangul Database/Hangul Database/ga/가_1_6.jpg,ga
/home/jovyan/privado/Trabalho/Dataset/Hangul Database/Hangul Database/gyeong/경_1_3.jpg,gyeong
/home/jovyan/privado/Trabalho/Dataset/Hangul Database/Hangul Database/jeong/정_5_6.jpg,jeong
/home/jovyan/privado/Trabalho/Dataset/Hangul Database/Hangul Database/jeon/전_3_4.jpg,jeon
/home/jovyan/privado/Trabalho/Dataset/Hangul Database/Hangul Database/na/나_4_8.jpg,na
/home/jovyan/privado/Trabalho/Dataset/Hangul Database/Hangul Database/jang/장_9_4.jpg,jang
/home/jovyan/privado/Trabalho/Dataset/Hangul Database/Hangul Database/e/에_0_4.jpg,e
/home/jovyan/privado/Trabalho/Dataset/Hangul Database/Hangul Database/iss/있_5_4.jpg,iss
/home/jovyan/privado/Trabalho/Dataset/Hangul Database/Hangul Database/gwa/과_5_9.jpg,gwa
/home/jovyan/privado/Trabalho/Dataset/Hangul Database/Hangul Database/guk/국_5_1.jpg,guk
/home/jovyan/privado/Trabalho/Dataset/Hangul Database/Hangul Database/reul/를_4_2.jpg,reul
/home/jovyan/privado/Trabalho/Dataset/Hangul Database/Hangul Database/in/인_7_6.jpg,in
/home/jovyan/privado/Trabalho/Dataset/Hangul Database/Hangul Database/gye/계_3_1.jpg,gye
/home/jovyan/privado/Trabalho/Dataset/Hangul Database/Hangul Database/bak/박_0_6.jpg,bak
/home/jovyan/privado/Trabalho/Dataset/Hangul Database/Hangul Database/e/에_7_7.jpg,e
/home/jovyan/privado/Trabalho/Dataset/Hangul Database/Hangul Database/reul/를_2_6.jpg,reul
/home/jovyan/privado/Trabalho/Dataset/Hangul Database/Hangul Database/gong/공_3_8.jpg,gong
/home/jovyan/privado/Trabalho/Dataset/Hangul Database/Hangul Database/gu/구_0_1.jpg,gu
/home/jovyan/privado/Trabalho/Dataset/Hangul Database/Hangul Database/eui/의_9_5.jpg,eui
/home/jovyan/privado/Trabalho/Dataset/Hangul Database/Hangul Database/dae/대_8_9.jpg,dae
/home/jovyan/privado/Trabalho/Dataset/Hangul Database/Hangul Database/hae/해_1_4.jpg,hae
/home/jovyan/privado/Trabalho/Dataset/Hangul Database/Hangul Database/bo/보_5_4.jpg,bo
/home/jovyan/privado/Trabalho/Dataset/Hangul Database/Hangul Database/ro/로_0_9.jpg,ro
/home/jovyan/privado/Trabalho/Dataset/Hangul Database/Hangul Database/yeon/연_5_5.jpg,yeon
/home/jovyan/privado/Trabalho/Dataset/Hangul Database/Hangul Database/ji/지_6_7.jpg,ji
/home/jovyan/privado/Trabalho/Dataset/Hangul Database/Hangul Database/bu/부_1_8.jpg,bu
/home/jovyan/privado/Trabalho/Dataset/Hangul Database/Hangul Database/gim/김_7_9.jpg,gim
/home/jovyan/privado/Trabalho/Dataset/Hangul Database/Hangul Database/gu/구_6_4.jpg,gu
/home/jovyan/privado/Trabalho/Dataset/Hangul Database/Hangul Database/ja/자_5_2.jpg,ja
/home/jovyan/privado/Trabalho/Dataset/Hangul Database/Hangul Database/ju/주_3_8.jpg,ju
/home/jovyan/privado/Trabalho/Dataset/Hangul Database/Hangul Database/reul/를_4_7.jpg,reul
/home/jovyan/privado/Trabalho/Dataset/Hangul Database/Hangul Database/jeok/적_9_8.jpg,jeok
/home/jovyan/privado/Trabalho/Dataset/Hangul Database/Hangul Database/seong/성_3_0.jpg,seong
/home/jovyan/privado/Trabalho/Dataset/Hangul Database/Hangul Database/gim/김_2_2.jpg,gim
/home/jovyan/privado/Trabalho/Dataset/Hangul Database/Hangul Database/gi/가_8_6.jpg,gi
/home/jovyan/privado/Trabalho/Dataset/Hangul Database/Hangul Database/neun/는_2_8.jpg,neun
/home/jovyan/privado/Trabalho/Dataset/Hangul Database/Hangul Database/gim/김_7_3.jpg,gim
/home/jovyan/privado/Trabalho/Dataset/Hangul Database/Hangul Database/ji/지_1_8.jpg,ji
/home/jovyan/privado/Trabalho/Dataset/Hangul Database/Hangul Database/reul/를_1_5.jpg,reul
/home/jovyan/privado/Trabalho/Dataset/Hangul Database/Hangul Database/na/나_3_4.jpg,na
/home/jovyan/privado/Trabalho/Dataset/Hangul Database/Hangul Database/gu/구_6_9.jpg,gu
/home/jovyan/privado/Trabalho/Dataset/Hangul Database/Hangul Database/ri/리_3_5.jpg,ri
/home/jovyan/privado/Trabalho/Dataset/Hangul Database/Hangul Database/jang/장_8_9.jpg,jang
/home/jovyan/privado/Trabalho/Dataset/Hangul Database/Hangul Database/dong/동_5_5.jpg,dong
/home/jovyan/privado/Trabalho/Dataset/Hangul Database/Hangul Database/su/수_7_5.jpg,su
/home/jovyan/privado/Trabalho/Dataset/Hangul Database/Hangul Database/ga/가_7_6.jpg,ga
/home/jovyan/privado/Trabalho/Dataset/Hangul Database/Hangul Database/yeo/여_0_1.jpg,yeo
/home/jovyan/privado/Trabalho/Dataset/Hangul Database/Hangul Database/iss/있_7_7.jpg,iss
/home/jovyan/privado/Trabalho/Dataset/Hangul Database/Hangul Database/in/인_3_6.jpg,in
/home/jovyan/privado/Trabalho/Dataset/Hangul Database/Hangul Database/da/다_3_5.jpg,da
/home/jovyan/privado/Trabalho/Dataset/Hangul Database/Hangul Database/a/아_6_3.jpg,a
/home/jovyan/privado/Trabalho/Dataset/Hangul Database/Hangul Database/a/아_7_1.jpg,a
/home/jovyan/privado/Trabalho/Dataset/Hangul Database/Hangul Database/neun/는_5_3.jpg,neun
/home/jovyan/privado/Trabalho/Dataset/Hangul Database/Hangul Database/seo/서_1_7.jpg,seo
/home/jovyan/privado/Trabalho/Dataset/Hangul Database/Hangul Database/do/도_5_4.jpg,do
/home/jovyan/privado/Trabalho/Dataset/Hangul Database/Hangul Database/in/인_2_6.jpg,in
/home/jovyan/privado/Trabalho/Dataset/Hangul Database/Hangul Database/gyeong/경_5_9.jpg,gyeong
/home/jovyan/privado/Trabalho/Dataset/Hangul Database/Hangul Database/bak/박_0_7.jpg,bak
/home/jovyan/privado/Trabalho/Dataset/Hangul Database/Hangul Database/gim/김_6_4.jpg,gim
/home/jovyan/privado/Trabalho/Dataset/Hangul Database/Hangul Database/gwa/과_0_4.jpg,gwa
/home/jovyan/privado/Trabalho/Dataset/Hangul Database/Hangul Database/eui/의_5_0.jpg,eui
/home/jovyan/privado/Trabalho/Dataset/Hangul Database/Hangul Database/so/소_9_3.jpg,so
/home/jovyan/privado/Trabalho/Dataset/Hangul Database/Hangul Database/han/한_3_3.jpg,han
/home/jovyan/privado/Trabalho/Dataset/Hangul Database/Hangul Database/a/아_0_2.jpg,a
/home/jovyan/privado/Trabalho/Dataset/Hangul Database/Hangul Database/gwa/과_3_1.jpg,gwa
/home/jovyan/privado/Trabalho/Dataset/Hangul Database/Hangul Database/ga/가_2_6.jpg,ga
/home/jovyan/privado/Trabalho/Dataset/Hangul Database/Hangul Database/deul/들_1_7.jpg,deul
/home/jovyan/privado/Trabalho/Dataset/Hangul Database/Hangul Database/so/소_1_6.jpg,so
/home/jovyan/privado/Trabalho/Dataset/Hangul Database/Hangul Database/da/다_7_7.jpg,da
/home/jovyan/privado/Trabalho/Dataset/Hangul Database/Hangul Database/go/고_4_7.jpg,go
/home/jovyan/privado/Trabalho/Dataset/Hangul Database/Hangul Database/na/나_3_1.jpg,na
/home/jovyan/privado/Trabalho/Dataset/Hangul Database/Hangul Database/seu/스_9_3.jpg,seu
/home/jovyan/privado/Trabalho/Dataset/Hangul Database/Hangul Database/geos/것_7_8.jpg,geos
/home/jovyan/privado/Trabalho/Dataset/Hangul Database/Hangul Database/ra/라_5_6.jpg,ra
/home/jovyan/privado/Trabalho/Dataset/Hangul Database/Hangul Database/guk/국_0_6.jpg,guk
/home/jovyan/privado/Trabalho/Dataset/Hangul Database/Hangul Database/won/원_8_8.jpg,won
/home/jovyan/privado/Trabalho/Dataset/Hangul Database/Hangul Database/gyeong/경_8_2.jpg,gyeong
/home/jovyan/privado/Trabalho/Dataset/Hangul Database/Hangul Database/eul/을_9_6.jpg,eul
/home/jovyan/privado/Trabalho/Dataset/Hangul Database/Hangul Database/gu/구_7_5.jpg,gu
/home/jovyan/privado/Trabalho/Dataset/Hangul Database/Hangul Database/choe/최_8_1.jpg,choe
/home/jovyan/privado/Trabalho/Dataset/Hangul Database/Hangul Database/sa/사_3_0.jpg,sa
/home/jovyan/privado/Trabalho/Dataset/Hangul Database/Hangul Database/a/아_5_1.jpg,a
/home/jovyan/privado/Trabalho/Dataset/Hangul Database/Hangul Database/ji/지_0_6.jpg,ji
/home/jovyan/privado/Trabalho/Dataset/Hangul Database/Hangul Database/go/고_8_1.jpg,go
/home/jovyan/privado/Trabalho/Dataset/Hangul Database/Hangul Database/su/수_2_2.jpg,su
/home/jovyan/privado/Trabalho/Dataset/Hangul Database/Hangul Database/gim/김_4_9.jpg,gim
/home/jovyan/privado/Trabalho/Dataset/Hangul Database/Hangul Database/ha/하_4_0.jpg,ha
/home/jovyan/privado/Trabalho/Dataset/Hangul Database/Hangul Database/deul/들_9_5.jpg,deul
/home/jovyan/privado/Trabalho/Dataset/Hangul Database/Hangul Database/dong/동_6_3.jpg,dong
/home/jovyan/privado/Trabalho/Dataset/Hangul Database/Hangul Database/do/도_9_8.jpg,do
/home/jovyan/privado/Trabalho/Dataset/Hangul Database/Hangul Database/na/나_7_2.jpg,na
/home/jovyan/privado/Trabalho/Dataset/Hangul Database/Hangul Database/da/다_2_3.jpg,da
/home/jovyan/privado/Trabalho/Dataset/Hangul Database/Hangul Database/su/수_6_9.jpg,su
/home/jovyan/privado/Trabalho/Dataset/Hangul Database/Hangul Database/yeo/여_4_3.jpg,yeo
/home/jovyan/privado/Trabalho/Dataset/Hangul Database/Hangul Database/eu/으_5_0.jpg,eu
/home/jovyan/privado/Trabalho/Dataset/Hangul Database/Hangul Database/dae/대_5_5.jpg,dae
/home/jovyan/privado/Trabalho/Dataset/Hangul Database/Hangul Database/ju/주_0_2.jpg,ju
/home/jovyan/privado/Trabalho/Dataset/Hangul Database/Hangul Database/deul/들_2_6.jpg,deul
/home/jovyan/privado/Trabalho/Dataset/Hangul Database/Hangul Database/jeok/적_5_8.jpg,jeok
/home/jovyan/privado/Trabalho/Dataset/Hangul Database/Hangul Database/ri/리_3_6.jpg,ri
/home/jovyan/privado/Trabalho/Dataset/Hangul Database/Hangul Database/won/원_5_2.jpg,won
/home/jovyan/privado/Trabalho/Dataset/Hangul Database/Hangul Database/eul/을_9_0.jpg,eul
/home/jovyan/privado/Trabalho/Dataset/Hangul Database/Hangul Database/a/아_0_1.jpg,a
/home/jovyan/privado/Trabalho/Dataset/Hangul Database/Hangul Database/so/소_2_5.jpg,so
/home/jovyan/privado/Trabalho/Dataset/Hangul Database/Hangul Database/ga/가_1_1.jpg,ga
/home/jovyan/privado/Trabalho/Dataset/Hangul Database/Hangul Database/ra/라_8_9.jpg,ra
/home/jovyan/privado/Trabalho/Dataset/Hangul Database/Hangul Database/ju/주_7_6.jpg,ju
/home/jovyan/privado/Trabalho/Dataset/Hangul Database/Hangul Database/jo/조_3_3.jpg,jo
/home/jovyan/privado/Trabalho/Dataset/Hangul Database/Hangul Database/dae/대_1_8.jpg,dae
/home/jovyan/privado/Trabalho/Dataset/Hangul Database/Hangul Database/da/다_0_6.jpg,da
/home/jovyan/privado/Trabalho/Dataset/Hangul Database/Hangul Database/gim/김_5_4.jpg,gim
/home/jovyan/privado/Trabalho/Dataset/Hangul Database/Hangul Database/jeok/적_7_6.jpg,jeok
/home/jovyan/privado/Trabalho/Dataset/Hangul Database/Hangul Database/han/한_4_9.jpg,han
/home/jovyan/privado/Trabalho/Dataset/Hangul Database/Hangul Database/ju/주_6_2.jpg,ju
/home/jovyan/privado/Trabalho/Dataset/Hangul Database/Hangul Database/bu/부_4_5.jpg,bu
/home/jovyan/privado/Trabalho/Dataset/Hangul Database/Hangul Database/wi/위_8_4.jpg,wi
/home/jovyan/privado/Trabalho/Dataset/Hangul Database/Hangul Database/jeok/적_7_7.jpg,jeok
/home/jovyan/privado/Trabalho/Dataset/Hangul Database/Hangul Database/gye/계_4_2.jpg,gye
/home/jovyan/privado/Trabalho/Dataset/Hangul Database/Hangul Database/ja/자_8_6.jpg,ja
/home/jovyan/privado/Trabalho/Dataset/Hangul Database/Hangul Database/da/다_3_6.jpg,da
/home/jovyan/privado/Trabalho/Dataset/Hangul Database/Hangul Database/neun/는_5_7.jpg,neun
/home/jovyan/privado/Trabalho/Dataset/Hangul Database/Hangul Database/eul/을_8_4.jpg,eul
/home/jovyan/privado/Trabalho/Dataset/Hangul Database/Hangul Database/sa/사_7_5.jpg,sa
/home/jovyan/privado/Trabalho/Dataset/Hangul Database/Hangul Database/gye/계_2_6.jpg,gye
/home/jovyan/privado/Trabalho/Dataset/Hangul Database/Hangul Database/ha/하_3_4.jpg,ha
/home/jovyan/privado/Trabalho/Dataset/Hangul Database/Hangul Database/dae/대_7_1.jpg,dae
/home/jovyan/privado/Trabalho/Dataset/Hangul Database/Hangul Database/seo/서_8_5.jpg,seo
/home/jovyan/privado/Trabalho/Dataset/Hangul Database/Hangul Database/reul/를_2_0.jpg,reul
/home/jovyan/privado/Trabalho/Dataset/Hangul Database/Hangul Database/gim/김_4_5.jpg,gim
/home/jovyan/privado/Trabalho/Dataset/Hangul Database/Hangul Database/a/아_5_2.jpg,a
/home/jovyan/privado/Trabalho/Dataset/Hangul Database/Hangul Database/ja/자_0_7.jpg,ja
/home/jovyan/privado/Trabalho/Dataset/Hangul Database/Hangul Database/eo/어_0_4.jpg,eo
/home/jovyan/privado/Trabalho/Dataset/Hangul Database/Hangul Database/jeon/전_7_0.jpg,jeon
/home/jovyan/privado/Trabalho/Dataset/Hangul Database/Hangul Database/i/이_6_0.jpg,i
/home/jovyan/privado/Trabalho/Dataset/Hangul Database/Hangul Database/guk/국_3_5.jpg,guk
/home/jovyan/privado/Trabalho/Dataset/Hangul Database/Hangul Database/gong/공_6_6.jpg,gong
/home/jovyan/privado/Trabalho/Dataset/Hangul Database/Hangul Database/go/고_7_4.jpg,go
/home/jovyan/privado/Trabalho/Dataset/Hangul Database/Hangul Database/geu/그_1_3.jpg,geu
/home/jovyan/privado/Trabalho/Dataset/Hangul Database/Hangul Database/sang/상_6_2.jpg,sang
/home/jovyan/privado/Trabalho/Dataset/Hangul Database/Hangul Database/choe/최_6_2.jpg,choe
/home/jovyan/privado/Trabalho/Dataset/Hangul Database/Hangul Database/reul/를_1_2.jpg,reul
/home/jovyan/privado/Trabalho/Dataset/Hangul Database/Hangul Database/ra/라_6_0.jpg,ra
/home/jovyan/privado/Trabalho/Dataset/Hangul Database/Hangul Database/choe/최_6_7.jpg,choe
/home/jovyan/privado/Trabalho/Dataset/Hangul Database/Hangul Database/gye/계_1_7.jpg,gye
/home/jovyan/privado/Trabalho/Dataset/Hangul Database/Hangul Database/je/제_5_2.jpg,je
/home/jovyan/privado/Trabalho/Dataset/Hangul Database/Hangul Database/gong/공_5_6.jpg,gong
/home/jovyan/privado/Trabalho/Dataset/Hangul Database/Hangul Database/gwa/과_4_4.jpg,gwa
/home/jovyan/privado/Trabalho/Dataset/Hangul Database/Hangul Database/deul/들_6_8.jpg,deul
/home/jovyan/privado/Trabalho/Dataset/Hangul Database/Hangul Database/il/일_5_0.jpg,il
/home/jovyan/privado/Trabalho/Dataset/Hangul Database/Hangul Database/reul/를_2_3.jpg,reul
/home/jovyan/privado/Trabalho/Dataset/Hangul Database/Hangul Database/seu/스_6_8.jpg,seu
/home/jovyan/privado/Trabalho/Dataset/Hangul Database/Hangul Database/na/나_3_6.jpg,na
/home/jovyan/privado/Trabalho/Dataset/Hangul Database/Hangul Database/in/인_2_1.jpg,in
/home/jovyan/privado/Trabalho/Dataset/Hangul Database/Hangul Database/ri/리_3_9.jpg,ri
/home/jovyan/privado/Trabalho/Dataset/Hangul Database/Hangul Database/si/시_8_0.jpg,si
/home/jovyan/privado/Trabalho/Dataset/Hangul Database/Hangul Database/eun/은_9_9.jpg,eun
/home/jovyan/privado/Trabalho/Dataset/Hangul Database/Hangul Database/wi/위_0_2.jpg,wi
/home/jovyan/privado/Trabalho/Dataset/Hangul Database/Hangul Database/geu/그_5_7.jpg,geu
/home/jovyan/privado/Trabalho/Dataset/Hangul Database/Hangul Database/han/한_0_4.jpg,han
/home/jovyan/privado/Trabalho/Dataset/Hangul Database/Hangul Database/eui/의_3_5.jpg,eui
/home/jovyan/privado/Trabalho/Dataset/Hangul Database/Hangul Database/reul/를_4_8.jpg,reul
/home/jovyan/privado/Trabalho/Dataset/Hangul Database/Hangul Database/e/에_5_2.jpg,e
/home/jovyan/privado/Trabalho/Dataset/Hangul Database/Hangul Database/iss/있_1_8.jpg,iss
/home/jovyan/privado/Trabalho/Dataset/Hangul Database/Hangul Database/jang/장_9_0.jpg,jang
/home/jovyan/privado/Trabalho/Dataset/Hangul Database/Hangul Database/yeo/여_2_1.jpg,yeo
/home/jovyan/privado/Trabalho/Dataset/Hangul Database/Hangul Database/wi/위_4_4.jpg,wi
/home/jovyan/privado/Trabalho/Dataset/Hangul Database/Hangul Database/gwa/과_9_7.jpg,gwa
/home/jovyan/privado/Trabalho/Dataset/Hangul Database/Hangul Database/seu/스_7_3.jpg,seu
/home/jovyan/privado/Trabalho/Dataset/Hangul Database/Hangul Database/iss/있_5_8.jpg,iss
/home/jovyan/privado/Trabalho/Dataset/Hangul Database/Hangul Database/neun/는_5_0.jpg,neun
/home/jovyan/privado/Trabalho/Dataset/Hangul Database/Hangul Database/yeon/연_6_2.jpg,yeon
/home/jovyan/privado/Trabalho/Dataset/Hangul Database/Hangul Database/gu/구_3_1.jpg,gu
